sim_time, one_dynamixel_simulation/joint1?0/velocity
5.141, 3.90799e-14
5.142, 3.90799e-14
5.143, 3.90799e-14
5.144, 3.90799e-14
5.145, 3.90799e-14
5.146, 3.90799e-14
5.147, 3.90799e-14
5.148, 3.90799e-14
5.149, 3.90799e-14
5.15, 3.90799e-14
5.151, 3.90799e-14
5.152, 3.90799e-14
5.153, 3.90799e-14
5.154, 3.90799e-14
5.155, 3.90799e-14
5.156, -1.63425e-13
5.157, -1.63425e-13
5.158, -1.63425e-13
5.159, -1.63425e-13
5.16, -1.63425e-13
5.161, -1.63425e-13
5.162, 2.55795e-13
5.163, 4.61853e-14
5.164, 3.90799e-14
5.165, 3.90799e-14
5.166, 3.90799e-14
5.167, 3.90799e-14
5.168, 3.90799e-14
5.169, 3.90799e-14
5.17, 3.90799e-14
5.171, 3.90799e-14
5.172, 3.90799e-14
5.173, 3.90799e-14
5.174, 3.90799e-14
5.175, 3.90799e-14
5.176, 3.90799e-14
5.177, 3.90799e-14
5.178, 3.90799e-14
5.179, 3.90799e-14
5.18, 3.90799e-14
5.181, 3.90799e-14
5.182, -1.63425e-13
5.183, -1.63425e-13
5.184, -1.63425e-13
5.185, -1.63425e-13
5.186, -1.63425e-13
5.187, -1.63425e-13
5.188, 2.55795e-13
5.189, 4.61853e-14
5.19, 3.90799e-14
5.191, 3.90799e-14
5.192, 3.90799e-14
5.193, 3.90799e-14
5.194, 3.90799e-14
5.195, 3.90799e-14
5.196, 3.90799e-14
5.197, 3.90799e-14
5.198, 3.90799e-14
5.199, 3.90799e-14
5.2, 3.90799e-14
5.201, 3.90799e-14
5.202, 3.90799e-14
5.203, 3.90799e-14
5.204, 3.90799e-14
5.205, 3.90799e-14
5.206, 3.90799e-14
5.207, -1.63425e-13
5.208, -1.63425e-13
5.209, -1.63425e-13
5.21, -1.63425e-13
5.211, -1.63425e-13
5.212, -1.63425e-13
5.213, 2.55795e-13
5.214, 4.61853e-14
5.215, 3.90799e-14
5.216, 3.90799e-14
5.217, 3.90799e-14
5.218, 3.90799e-14
5.219, 3.90799e-14
5.22, 3.90799e-14
5.221, 3.90799e-14
5.222, 3.90799e-14
5.223, 3.90799e-14
5.224, 3.90799e-14
5.225, 3.90799e-14
5.226, 3.90799e-14
5.227, 3.90799e-14
5.228, 3.90799e-14
5.229, 3.90799e-14
5.23, 3.90799e-14
5.231, 3.90799e-14
5.232, -1.63425e-13
5.233, -1.63425e-13
5.234, -1.63425e-13
5.235, -1.63425e-13
5.236, -1.63425e-13
5.237, -1.63425e-13
5.238, 2.55795e-13
5.239, 4.61853e-14
5.24, 3.90799e-14
5.241, 3.90799e-14
5.242, 3.90799e-14
5.243, 3.90799e-14
5.244, 3.90799e-14
5.245, 3.90799e-14
5.246, 3.90799e-14
5.247, 3.90799e-14
5.248, 3.90799e-14
5.249, 3.90799e-14
5.25, 3.90799e-14
5.251, 3.90799e-14
5.252, 3.90799e-14
5.253, 3.90799e-14
5.254, 3.90799e-14
5.255, 3.90799e-14
5.256, 3.90799e-14
5.257, 3.90799e-14
5.258, -1.63425e-13
5.259, -1.63425e-13
5.26, -1.63425e-13
5.261, -1.63425e-13
5.262, -1.63425e-13
5.263, -1.63425e-13
5.264, 2.55795e-13
5.265, 4.61853e-14
5.266, 3.90799e-14
5.267, 3.90799e-14
5.268, 3.90799e-14
5.269, 3.90799e-14
5.27, 3.90799e-14
5.271, 3.90799e-14
5.272, 3.90799e-14
5.273, 3.90799e-14
5.274, 3.90799e-14
5.275, 3.90799e-14
5.276, 3.90799e-14
5.277, 3.90799e-14
5.278, 3.90799e-14
5.279, 3.90799e-14
5.28, 3.90799e-14
5.281, 3.90799e-14
5.282, 3.90799e-14
5.283, -1.63425e-13
5.284, -1.63425e-13
5.285, -1.63425e-13
5.286, -1.63425e-13
5.287, -1.63425e-13
5.288, -1.63425e-13
5.289, 2.55795e-13
5.29, 4.61853e-14
5.291, 3.90799e-14
5.292, 3.90799e-14
5.293, 3.90799e-14
5.294, 3.90799e-14
5.295, 3.90799e-14
5.296, 3.90799e-14
5.297, 3.90799e-14
5.298, 3.90799e-14
5.299, 3.90799e-14
5.3, 3.90799e-14
5.301, 3.90799e-14
5.302, 3.90799e-14
5.303, 3.90799e-14
5.304, 3.90799e-14
5.305, 3.90799e-14
5.306, 3.90799e-14
5.307, 3.90799e-14
5.308, -1.63425e-13
5.309, -1.63425e-13
5.31, -1.63425e-13
5.311, -1.63425e-13
5.312, -1.63425e-13
5.313, -1.63425e-13
5.314, 2.55795e-13
5.315, 4.61853e-14
5.316, 3.90799e-14
5.317, 3.90799e-14
5.318, 3.90799e-14
5.319, 3.90799e-14
5.32, 3.90799e-14
5.321, 3.90799e-14
5.322, 3.90799e-14
5.323, 3.90799e-14
5.324, 3.90799e-14
5.325, 3.90799e-14
5.326, 3.90799e-14
5.327, 3.90799e-14
5.328, 3.90799e-14
5.329, 3.90799e-14
5.33, 3.90799e-14
5.331, 3.90799e-14
5.332, 3.90799e-14
5.333, 3.90799e-14
5.334, -1.63425e-13
5.335, -1.63425e-13
5.336, -1.63425e-13
5.337, -1.63425e-13
5.338, -1.63425e-13
5.339, -1.63425e-13
5.34, 2.55795e-13
5.341, 4.61853e-14
5.342, 3.90799e-14
5.343, 3.90799e-14
5.344, 3.90799e-14
5.345, 3.90799e-14
5.346, 3.90799e-14
5.347, 3.90799e-14
5.348, 3.90799e-14
5.349, 3.90799e-14
5.35, 3.90799e-14
5.351, 3.90799e-14
5.352, 3.90799e-14
5.353, 3.90799e-14
5.354, 3.90799e-14
5.355, 3.90799e-14
5.356, 3.90799e-14
5.357, 3.90799e-14
5.358, 3.90799e-14
5.359, -1.63425e-13
5.36, -1.63425e-13
5.361, -1.63425e-13
5.362, -1.63425e-13
5.363, -1.63425e-13
5.364, -1.63425e-13
5.365, 2.55795e-13
5.366, 4.61853e-14
5.367, 3.90799e-14
5.368, 3.90799e-14
5.369, 3.90799e-14
5.37, 3.90799e-14
5.371, 3.90799e-14
5.372, 3.90799e-14
5.373, 3.90799e-14
5.374, 3.90799e-14
5.375, 3.90799e-14
5.376, 3.90799e-14
5.377, 3.90799e-14
5.378, 3.90799e-14
5.379, 3.90799e-14
5.38, 3.90799e-14
5.381, 3.90799e-14
5.382, 3.90799e-14
5.383, 3.90799e-14
5.384, -1.63425e-13
5.385, -1.63425e-13
5.386, -1.63425e-13
5.387, -1.63425e-13
5.388, -1.63425e-13
5.389, -1.63425e-13
5.39, 2.55795e-13
5.391, 4.61853e-14
5.392, 3.90799e-14
5.393, 3.90799e-14
5.394, 3.90799e-14
5.395, 3.90799e-14
5.396, 3.90799e-14
5.397, 3.90799e-14
5.398, 3.90799e-14
5.399, 3.90799e-14
5.4, 3.90799e-14
5.401, 3.90799e-14
5.402, 3.90799e-14
5.403, 3.90799e-14
5.404, 3.90799e-14
5.405, 3.90799e-14
5.406, 3.90799e-14
5.407, 3.90799e-14
5.408, 3.90799e-14
5.409, 3.90799e-14
5.41, -1.63425e-13
5.411, -1.63425e-13
5.412, -1.63425e-13
5.413, -1.63425e-13
5.414, -1.63425e-13
5.415, -1.63425e-13
5.416, 2.55795e-13
5.417, 4.61853e-14
5.418, 3.90799e-14
5.419, 3.90799e-14
5.42, 3.90799e-14
5.421, 3.90799e-14
5.422, 3.90799e-14
5.423, 3.90799e-14
5.424, 3.90799e-14
5.425, 3.90799e-14
5.426, 3.90799e-14
5.427, 3.90799e-14
5.428, 3.90799e-14
5.429, 3.90799e-14
5.43, 3.90799e-14
5.431, 3.90799e-14
5.432, 3.90799e-14
5.433, 3.90799e-14
5.434, 3.90799e-14
5.435, -1.63425e-13
5.436, -1.63425e-13
5.437, -1.63425e-13
5.438, -1.63425e-13
5.439, -1.63425e-13
5.44, -1.63425e-13
5.441, 2.55795e-13
5.442, 4.61853e-14
5.443, 3.90799e-14
5.444, 3.90799e-14
5.445, 3.90799e-14
5.446, 3.90799e-14
5.447, 3.90799e-14
5.448, 3.90799e-14
5.449, 3.90799e-14
5.45, 3.90799e-14
5.451, 3.90799e-14
5.452, 3.90799e-14
5.453, 3.90799e-14
5.454, 3.90799e-14
5.455, 3.90799e-14
5.456, 3.90799e-14
5.457, 3.90799e-14
5.458, 3.90799e-14
5.459, 3.90799e-14
5.46, -1.63425e-13
5.461, -1.63425e-13
5.462, -1.63425e-13
5.463, -1.63425e-13
5.464, -1.63425e-13
5.465, -1.63425e-13
5.466, 2.55795e-13
5.467, 4.61853e-14
5.468, 3.90799e-14
5.469, 3.90799e-14
5.47, 3.90799e-14
5.471, 3.90799e-14
5.472, 3.90799e-14
5.473, 3.90799e-14
5.474, 3.90799e-14
5.475, 3.90799e-14
5.476, 3.90799e-14
5.477, 3.90799e-14
5.478, 3.90799e-14
5.479, 3.90799e-14
5.48, 3.90799e-14
5.481, 3.90799e-14
5.482, 3.90799e-14
5.483, 3.90799e-14
5.484, 3.90799e-14
5.485, 3.90799e-14
5.486, -1.63425e-13
5.487, -1.63425e-13
5.488, -1.63425e-13
5.489, -1.63425e-13
5.49, -1.63425e-13
5.491, -1.63425e-13
5.492, 2.55795e-13
5.493, 4.61853e-14
5.494, 3.90799e-14
5.495, 3.90799e-14
5.496, 3.90799e-14
5.497, 3.90799e-14
5.498, 3.90799e-14
5.499, 3.90799e-14
5.5, 3.90799e-14
5.501, 3.90799e-14
5.502, 3.90799e-14
5.503, 3.90799e-14
5.504, 3.90799e-14
5.505, 3.90799e-14
5.506, 3.90799e-14
5.507, 3.90799e-14
5.508, 3.90799e-14
5.509, 3.90799e-14
5.51, 3.90799e-14
5.511, -1.63425e-13
5.512, -1.63425e-13
5.513, -1.63425e-13
5.514, -1.63425e-13
5.515, -1.63425e-13
5.516, -1.63425e-13
5.517, 2.55795e-13
5.518, 4.61853e-14
5.519, 3.90799e-14
5.52, 3.90799e-14
5.521, 3.90799e-14
5.522, 3.90799e-14
5.523, 3.90799e-14
5.524, 3.90799e-14
5.525, 3.90799e-14
5.526, 3.90799e-14
5.527, 3.90799e-14
5.528, 3.90799e-14
5.529, 3.90799e-14
5.53, 3.90799e-14
5.531, 3.90799e-14
5.532, 3.90799e-14
5.533, 3.90799e-14
5.534, 3.90799e-14
5.535, 3.90799e-14
5.536, -1.63425e-13
5.537, -1.63425e-13
5.538, -1.63425e-13
5.539, -1.63425e-13
5.54, -1.63425e-13
5.541, -1.63425e-13
5.542, 2.55795e-13
5.543, 4.61853e-14
5.544, 3.90799e-14
5.545, 3.90799e-14
5.546, 3.90799e-14
5.547, 3.90799e-14
5.548, 3.90799e-14
5.549, 3.90799e-14
5.55, 3.90799e-14
5.551, 3.90799e-14
5.552, 3.90799e-14
5.553, 3.90799e-14
5.554, 3.90799e-14
5.555, 3.90799e-14
5.556, 3.90799e-14
5.557, 3.90799e-14
5.558, 3.90799e-14
5.559, 3.90799e-14
5.56, 3.90799e-14
5.561, 3.90799e-14
5.562, -1.63425e-13
5.563, -1.63425e-13
5.564, -1.63425e-13
5.565, -1.63425e-13
5.566, -1.63425e-13
5.567, -1.63425e-13
5.568, 2.55795e-13
5.569, 4.61853e-14
5.57, 3.90799e-14
5.571, 3.90799e-14
5.572, 3.90799e-14
5.573, 3.90799e-14
5.574, 3.90799e-14
5.575, 3.90799e-14
5.576, 3.90799e-14
5.577, 3.90799e-14
5.578, 3.90799e-14
5.579, 3.90799e-14
5.58, 3.90799e-14
5.581, 3.90799e-14
5.582, 3.90799e-14
5.583, 3.90799e-14
5.584, 3.90799e-14
5.585, 3.90799e-14
5.586, 3.90799e-14
5.587, -1.63425e-13
5.588, -1.63425e-13
5.589, -1.63425e-13
5.59, -1.63425e-13
5.591, -1.63425e-13
5.592, -1.63425e-13
5.593, 2.55795e-13
5.594, 4.61853e-14
5.595, 3.90799e-14
5.596, 3.90799e-14
5.597, 3.90799e-14
5.598, 3.90799e-14
5.599, 3.90799e-14
5.6, 3.90799e-14
5.601, 3.90799e-14
5.602, 3.90799e-14
5.603, 3.90799e-14
5.604, 3.90799e-14
5.605, 3.90799e-14
5.606, 3.90799e-14
5.607, 3.90799e-14
5.608, 3.90799e-14
5.609, 3.90799e-14
5.61, 3.90799e-14
5.611, 3.90799e-14
5.612, -1.63425e-13
5.613, -1.63425e-13
5.614, -1.63425e-13
5.615, -1.63425e-13
5.616, -1.63425e-13
5.617, -1.63425e-13
5.618, 2.55795e-13
5.619, 4.61853e-14
5.62, 3.90799e-14
5.621, 3.90799e-14
5.622, 3.90799e-14
5.623, 3.90799e-14
5.624, 3.90799e-14
5.625, 3.90799e-14
5.626, 3.90799e-14
5.627, 3.90799e-14
5.628, 3.90799e-14
5.629, 3.90799e-14
5.63, 3.90799e-14
5.631, 3.90799e-14
5.632, 3.90799e-14
5.633, 3.90799e-14
5.634, 3.90799e-14
5.635, 3.90799e-14
5.636, 3.90799e-14
5.637, 3.90799e-14
5.638, -1.63425e-13
5.639, -1.63425e-13
5.64, -1.63425e-13
5.641, -1.63425e-13
5.642, -1.63425e-13
5.643, -1.63425e-13
5.644, 2.55795e-13
5.645, 4.61853e-14
5.646, 3.90799e-14
5.647, 3.90799e-14
5.648, 3.90799e-14
5.649, 3.90799e-14
5.65, 3.90799e-14
5.651, 3.90799e-14
5.652, 3.90799e-14
5.653, 3.90799e-14
5.654, 3.90799e-14
5.655, 3.90799e-14
5.656, 3.90799e-14
5.657, 3.90799e-14
5.658, 3.90799e-14
5.659, 3.90799e-14
5.66, 3.90799e-14
5.661, 3.90799e-14
5.662, 3.90799e-14
5.663, -1.63425e-13
5.664, -1.63425e-13
5.665, -1.63425e-13
5.666, -1.63425e-13
5.667, -1.63425e-13
5.668, -1.63425e-13
5.669, 2.55795e-13
5.67, 4.61853e-14
5.671, 3.90799e-14
5.672, 3.90799e-14
5.673, 3.90799e-14
5.674, 3.90799e-14
5.675, 3.90799e-14
5.676, 3.90799e-14
5.677, 3.90799e-14
5.678, 3.90799e-14
5.679, 3.90799e-14
5.68, 3.90799e-14
5.681, 3.90799e-14
5.682, 3.90799e-14
5.683, 3.90799e-14
5.684, 3.90799e-14
5.685, 3.90799e-14
5.686, 3.90799e-14
5.687, 3.90799e-14
5.688, -1.63425e-13
5.689, -1.63425e-13
5.69, -1.63425e-13
5.691, -1.63425e-13
5.692, -1.63425e-13
5.693, -1.63425e-13
5.694, 2.55795e-13
5.695, 4.61853e-14
5.696, 3.90799e-14
5.697, 3.90799e-14
5.698, 3.90799e-14
5.699, 3.90799e-14
5.7, 3.90799e-14
5.701, 3.90799e-14
5.702, 3.90799e-14
5.703, 3.90799e-14
5.704, 3.90799e-14
5.705, 3.90799e-14
5.706, 3.90799e-14
5.707, 3.90799e-14
5.708, 3.90799e-14
5.709, 3.90799e-14
5.71, 3.90799e-14
5.711, 3.90799e-14
5.712, 3.90799e-14
5.713, 3.90799e-14
5.714, -1.63425e-13
5.715, -1.63425e-13
5.716, -1.63425e-13
5.717, -1.63425e-13
5.718, -1.63425e-13
5.719, -1.63425e-13
5.72, 2.55795e-13
5.721, 4.61853e-14
5.722, 3.90799e-14
5.723, 3.90799e-14
5.724, 3.90799e-14
5.725, 3.90799e-14
5.726, 3.90799e-14
5.727, 3.90799e-14
5.728, 3.90799e-14
5.729, 3.90799e-14
5.73, 3.90799e-14
5.731, 3.90799e-14
5.732, 3.90799e-14
5.733, 3.90799e-14
5.734, 3.90799e-14
5.735, 3.90799e-14
5.736, 3.90799e-14
5.737, 3.90799e-14
5.738, 3.90799e-14
5.739, -1.63425e-13
5.74, -1.63425e-13
5.741, -1.63425e-13
5.742, -1.63425e-13
5.743, -1.63425e-13
5.744, -1.63425e-13
5.745, 2.55795e-13
5.746, 4.61853e-14
5.747, 3.90799e-14
5.748, 3.90799e-14
5.749, 3.90799e-14
5.75, 3.90799e-14
5.751, 3.90799e-14
5.752, 3.90799e-14
5.753, 3.90799e-14
5.754, 3.90799e-14
5.755, 3.90799e-14
5.756, 3.90799e-14
5.757, 3.90799e-14
5.758, 3.90799e-14
5.759, 3.90799e-14
5.76, 3.90799e-14
5.761, 3.90799e-14
5.762, 3.90799e-14
5.763, 3.90799e-14
5.764, -1.63425e-13
5.765, -1.63425e-13
5.766, -1.63425e-13
5.767, -1.63425e-13
5.768, -1.63425e-13
5.769, -1.63425e-13
5.77, 2.55795e-13
5.771, 4.61853e-14
5.772, 3.90799e-14
5.773, 3.90799e-14
5.774, 3.90799e-14
5.775, 3.90799e-14
5.776, 3.90799e-14
5.777, 3.90799e-14
5.778, 3.90799e-14
5.779, 3.90799e-14
5.78, 3.90799e-14
5.781, 3.90799e-14
5.782, 3.90799e-14
5.783, 3.90799e-14
5.784, 3.90799e-14
5.785, 3.90799e-14
5.786, 3.90799e-14
5.787, 3.90799e-14
5.788, 3.90799e-14
5.789, 3.90799e-14
5.79, -1.63425e-13
5.791, -1.63425e-13
5.792, -1.63425e-13
5.793, -1.63425e-13
5.794, -1.63425e-13
5.795, -1.63425e-13
5.796, 2.55795e-13
5.797, 4.61853e-14
5.798, 3.90799e-14
5.799, 3.90799e-14
5.8, 3.90799e-14
5.801, 3.90799e-14
5.802, 3.90799e-14
5.803, 3.90799e-14
5.804, 3.90799e-14
5.805, 3.90799e-14
5.806, 3.90799e-14
5.807, 3.90799e-14
5.808, 3.90799e-14
5.809, 3.90799e-14
5.81, 3.90799e-14
5.811, 3.90799e-14
5.812, 3.90799e-14
5.813, 3.90799e-14
5.814, 3.90799e-14
5.815, -1.63425e-13
5.816, -1.63425e-13
5.817, -1.63425e-13
5.818, -1.63425e-13
5.819, -1.63425e-13
5.82, -1.63425e-13
5.821, 2.55795e-13
5.822, 4.61853e-14
5.823, 3.90799e-14
5.824, 3.90799e-14
5.825, 3.90799e-14
5.826, 3.90799e-14
5.827, 3.90799e-14
5.828, 3.90799e-14
5.829, 3.90799e-14
5.83, 3.90799e-14
5.831, 3.90799e-14
5.832, 3.90799e-14
5.833, 3.90799e-14
5.834, 3.90799e-14
5.835, 3.90799e-14
5.836, 3.90799e-14
5.837, 3.90799e-14
5.838, 3.90799e-14
5.839, 3.90799e-14
5.84, -1.63425e-13
5.841, -1.63425e-13
5.842, -1.63425e-13
5.843, -1.63425e-13
5.844, -1.63425e-13
5.845, -1.63425e-13
5.846, 2.55795e-13
5.847, 4.61853e-14
5.848, 3.90799e-14
5.849, 3.90799e-14
5.85, 3.90799e-14
5.851, 3.90799e-14
5.852, 3.90799e-14
5.853, 3.90799e-14
5.854, 3.90799e-14
5.855, 3.90799e-14
5.856, 3.90799e-14
5.857, 3.90799e-14
5.858, 3.90799e-14
5.859, 3.90799e-14
5.86, 3.90799e-14
5.861, 3.90799e-14
5.862, 3.90799e-14
5.863, 3.90799e-14
5.864, 3.90799e-14
5.865, 3.90799e-14
5.866, -1.63425e-13
5.867, -1.63425e-13
5.868, -1.63425e-13
5.869, -1.63425e-13
5.87, -1.63425e-13
5.871, -1.63425e-13
5.872, 2.55795e-13
5.873, 4.61853e-14
5.874, 3.90799e-14
5.875, 3.90799e-14
5.876, 3.90799e-14
5.877, 3.90799e-14
5.878, 3.90799e-14
5.879, 3.90799e-14
5.88, 3.90799e-14
5.881, 3.90799e-14
5.882, 3.90799e-14
5.883, 3.90799e-14
5.884, 3.90799e-14
5.885, 3.90799e-14
5.886, 3.90799e-14
5.887, 3.90799e-14
5.888, 3.90799e-14
5.889, 3.90799e-14
5.89, 3.90799e-14
5.891, -1.63425e-13
5.892, -1.63425e-13
5.893, -1.63425e-13
5.894, -1.63425e-13
5.895, -1.63425e-13
5.896, -1.63425e-13
5.897, 2.55795e-13
5.898, 4.61853e-14
5.899, 3.90799e-14
5.9, 3.90799e-14
5.901, 3.90799e-14
5.902, 3.90799e-14
5.903, 3.90799e-14
5.904, 3.90799e-14
5.905, 3.90799e-14
5.906, 3.90799e-14
5.907, 3.90799e-14
5.908, 3.90799e-14
5.909, 3.90799e-14
5.91, 3.90799e-14
5.911, 3.90799e-14
5.912, 3.90799e-14
5.913, 3.90799e-14
5.914, 3.90799e-14
5.915, 3.90799e-14
5.916, -1.63425e-13
5.917, -1.63425e-13
5.918, -1.63425e-13
5.919, -1.63425e-13
5.92, -1.63425e-13
5.921, -1.63425e-13
5.922, 2.55795e-13
5.923, 4.61853e-14
5.924, 3.90799e-14
5.925, 3.90799e-14
5.926, 3.90799e-14
5.927, 3.90799e-14
5.928, 3.90799e-14
5.929, 3.90799e-14
5.93, 3.90799e-14
5.931, 3.90799e-14
5.932, 3.90799e-14
5.933, 3.90799e-14
5.934, 3.90799e-14
5.935, 3.90799e-14
5.936, 3.90799e-14
5.937, 3.90799e-14
5.938, 3.90799e-14
5.939, 3.90799e-14
5.94, 3.90799e-14
5.941, 3.90799e-14
5.942, -1.63425e-13
5.943, -1.63425e-13
5.944, -1.63425e-13
5.945, -1.63425e-13
5.946, -1.63425e-13
5.947, -1.63425e-13
5.948, 2.55795e-13
5.949, 4.61853e-14
5.95, 3.90799e-14
5.951, 3.90799e-14
5.952, 3.90799e-14
5.953, 3.90799e-14
5.954, 3.90799e-14
5.955, 3.90799e-14
5.956, 3.90799e-14
5.957, 3.90799e-14
5.958, 3.90799e-14
5.959, 3.90799e-14
5.96, 3.90799e-14
5.961, 3.90799e-14
5.962, 3.90799e-14
5.963, 3.90799e-14
5.964, 3.90799e-14
5.965, 3.90799e-14
5.966, 3.90799e-14
5.967, -1.63425e-13
5.968, -1.63425e-13
5.969, -1.63425e-13
5.97, -1.63425e-13
5.971, -1.63425e-13
5.972, -1.63425e-13
5.973, 2.55795e-13
5.974, 4.61853e-14
5.975, 3.90799e-14
5.976, 3.90799e-14
5.977, 3.90799e-14
5.978, 3.90799e-14
5.979, 3.90799e-14
5.98, 3.90799e-14
5.981, 3.90799e-14
5.982, 3.90799e-14
5.983, 3.90799e-14
5.984, 3.90799e-14
5.985, 3.90799e-14
5.986, 3.90799e-14
5.987, 3.90799e-14
5.988, 3.90799e-14
5.989, 3.90799e-14
5.99, 3.90799e-14
5.991, 3.90799e-14
5.992, -1.63425e-13
5.993, -1.63425e-13
5.994, -1.63425e-13
5.995, -1.63425e-13
5.996, -1.63425e-13
5.997, -1.63425e-13
5.998, 2.55795e-13
5.999, 4.61853e-14
6, 3.90799e-14
6.001, 3.90799e-14
6.002, 3.90799e-14
6.003, 3.90799e-14
6.004, 3.90799e-14
6.005, 3.90799e-14
6.006, 3.90799e-14
6.007, 3.90799e-14
6.008, 3.90799e-14
6.009, 3.90799e-14
6.01, 3.90799e-14
6.011, 3.90799e-14
6.012, 3.90799e-14
6.013, 3.90799e-14
6.014, 3.90799e-14
6.015, 3.90799e-14
6.016, 3.90799e-14
6.017, 3.90799e-14
6.018, -1.63425e-13
6.019, -1.63425e-13
6.02, -1.63425e-13
6.021, -1.63425e-13
6.022, -1.63425e-13
6.023, -1.63425e-13
6.024, 2.55795e-13
6.025, 4.61853e-14
6.026, 3.90799e-14
6.027, 3.90799e-14
6.028, 3.90799e-14
6.029, 3.90799e-14
6.03, 3.90799e-14
6.031, 3.90799e-14
6.032, 3.90799e-14
6.033, 3.90799e-14
6.034, 3.90799e-14
6.035, 3.90799e-14
6.036, 3.90799e-14
6.037, 3.90799e-14
6.038, 3.90799e-14
6.039, 3.90799e-14
6.04, 3.90799e-14
6.041, 3.90799e-14
6.042, 3.90799e-14
6.043, -1.63425e-13
6.044, -1.63425e-13
6.045, -1.63425e-13
6.046, -1.63425e-13
6.047, -1.63425e-13
6.048, -1.63425e-13
6.049, 2.55795e-13
6.05, 4.61853e-14
6.051, 3.90799e-14
6.052, 3.90799e-14
6.053, 3.90799e-14
6.054, 3.90799e-14
6.055, 3.90799e-14
6.056, 3.90799e-14
6.057, 3.90799e-14
6.058, 3.90799e-14
6.059, 3.90799e-14
6.06, 3.90799e-14
6.061, 3.90799e-14
6.062, 3.90799e-14
6.063, 3.90799e-14
6.064, 3.90799e-14
6.065, 3.90799e-14
6.066, 3.90799e-14
6.067, 3.90799e-14
6.068, -1.63425e-13
6.069, -1.63425e-13
6.07, -1.63425e-13
6.071, -1.63425e-13
6.072, -1.63425e-13
6.073, -1.63425e-13
6.074, 2.55795e-13
6.075, 4.61853e-14
6.076, 3.90799e-14
6.077, 3.90799e-14
6.078, 3.90799e-14
6.079, 3.90799e-14
6.08, 3.90799e-14
6.081, 3.90799e-14
6.082, 3.90799e-14
6.083, 3.90799e-14
6.084, 3.90799e-14
6.085, 3.90799e-14
6.086, 3.90799e-14
6.087, 3.90799e-14
6.088, 3.90799e-14
6.089, 3.90799e-14
6.09, 3.90799e-14
6.091, 3.90799e-14
6.092, 3.90799e-14
6.093, 3.90799e-14
6.094, -1.63425e-13
6.095, -1.63425e-13
6.096, -1.63425e-13
6.097, -1.63425e-13
6.098, -1.63425e-13
6.099, -1.63425e-13
6.1, 2.55795e-13
6.101, 4.61853e-14
6.102, 3.90799e-14
6.103, 3.90799e-14
6.104, 3.90799e-14
6.105, 3.90799e-14
6.106, 3.90799e-14
6.107, 3.90799e-14
6.108, 3.90799e-14
6.109, 3.90799e-14
6.11, 3.90799e-14
6.111, 3.90799e-14
6.112, 3.90799e-14
6.113, 3.90799e-14
6.114, 3.90799e-14
6.115, 3.90799e-14
6.116, 3.90799e-14
6.117, 3.90799e-14
6.118, 3.90799e-14
6.119, -1.63425e-13
6.12, -1.63425e-13
6.121, -1.63425e-13
6.122, -1.63425e-13
6.123, -1.63425e-13
6.124, -1.63425e-13
6.125, 2.55795e-13
6.126, 4.61853e-14
6.127, 3.90799e-14
6.128, 3.90799e-14
6.129, 3.90799e-14
6.13, 3.90799e-14
6.131, 3.90799e-14
6.132, 3.90799e-14
6.133, 3.90799e-14
6.134, 3.90799e-14
6.135, 3.90799e-14
6.136, 3.90799e-14
6.137, 3.90799e-14
6.138, 3.90799e-14
6.139, 3.90799e-14
6.14, 3.90799e-14
6.141, 3.90799e-14
6.142, 3.90799e-14
6.143, 3.90799e-14
6.144, -1.63425e-13
6.145, -1.63425e-13
6.146, -1.63425e-13
6.147, -1.63425e-13
6.148, -1.63425e-13
6.149, -1.63425e-13
6.15, 2.55795e-13
6.151, 4.61853e-14
6.152, 3.90799e-14
6.153, 3.90799e-14
6.154, 3.90799e-14
6.155, 3.90799e-14
6.156, 3.90799e-14
6.157, 3.90799e-14
6.158, 3.90799e-14
6.159, 3.90799e-14
6.16, 3.90799e-14
6.161, 3.90799e-14
6.162, 3.90799e-14
6.163, 3.90799e-14
6.164, 3.90799e-14
6.165, 3.90799e-14
6.166, 3.90799e-14
6.167, 3.90799e-14
6.168, 3.90799e-14
6.169, 3.90799e-14
6.17, -1.63425e-13
6.171, -1.63425e-13
6.172, -1.63425e-13
6.173, -1.63425e-13
6.174, -1.63425e-13
6.175, -1.63425e-13
6.176, 2.55795e-13
6.177, 4.61853e-14
6.178, 3.90799e-14
6.179, 3.90799e-14
6.18, 3.90799e-14
6.181, 3.90799e-14
6.182, 3.90799e-14
6.183, 3.90799e-14
6.184, 3.90799e-14
6.185, 3.90799e-14
6.186, 3.90799e-14
6.187, 3.90799e-14
6.188, 3.90799e-14
6.189, 3.90799e-14
6.19, 3.90799e-14
6.191, 3.90799e-14
6.192, 3.90799e-14
6.193, 3.90799e-14
6.194, 3.90799e-14
6.195, -1.63425e-13
6.196, -1.63425e-13
6.197, -1.63425e-13
6.198, -1.63425e-13
6.199, -1.63425e-13
6.2, -1.63425e-13
6.201, 2.55795e-13
6.202, 4.61853e-14
6.203, 3.90799e-14
6.204, 3.90799e-14
6.205, 3.90799e-14
6.206, 3.90799e-14
6.207, 3.90799e-14
6.208, 3.90799e-14
6.209, 3.90799e-14
6.21, 3.90799e-14
6.211, 3.90799e-14
6.212, 3.90799e-14
6.213, 3.90799e-14
6.214, 3.90799e-14
6.215, 3.90799e-14
6.216, 3.90799e-14
6.217, 3.90799e-14
6.218, 3.90799e-14
6.219, 3.90799e-14
6.22, -1.63425e-13
6.221, -1.63425e-13
6.222, -1.63425e-13
6.223, -1.63425e-13
6.224, -1.63425e-13
6.225, -1.63425e-13
6.226, 2.55795e-13
6.227, 4.61853e-14
6.228, 3.90799e-14
6.229, 3.90799e-14
6.23, 3.90799e-14
6.231, 3.90799e-14
6.232, 3.90799e-14
6.233, 3.90799e-14
6.234, 3.90799e-14
6.235, 3.90799e-14
6.236, 3.90799e-14
6.237, 3.90799e-14
6.238, 3.90799e-14
6.239, 3.90799e-14
6.24, 3.90799e-14
6.241, 3.90799e-14
6.242, 3.90799e-14
6.243, 3.90799e-14
6.244, 3.90799e-14
6.245, 3.90799e-14
6.246, -1.63425e-13
6.247, -1.63425e-13
6.248, -1.63425e-13
6.249, -1.63425e-13
6.25, -1.63425e-13
6.251, -1.63425e-13
6.252, 2.55795e-13
6.253, 4.61853e-14
6.254, 3.90799e-14
6.255, 3.90799e-14
6.256, 3.90799e-14
6.257, 3.90799e-14
6.258, 3.90799e-14
6.259, 3.90799e-14
6.26, 3.90799e-14
6.261, 3.90799e-14
6.262, 3.90799e-14
6.263, 3.90799e-14
6.264, 3.90799e-14
6.265, 3.90799e-14
6.266, 3.90799e-14
6.267, 3.90799e-14
6.268, 3.90799e-14
6.269, 3.90799e-14
6.27, 3.90799e-14
6.271, -1.63425e-13
6.272, -1.63425e-13
6.273, -1.63425e-13
6.274, -1.63425e-13
6.275, -1.63425e-13
6.276, -1.63425e-13
6.277, 2.55795e-13
6.278, 4.61853e-14
6.279, 3.90799e-14
6.28, 3.90799e-14
6.281, 3.90799e-14
6.282, 3.90799e-14
6.283, 3.90799e-14
6.284, 3.90799e-14
6.285, 3.90799e-14
6.286, 3.90799e-14
6.287, 3.90799e-14
6.288, 3.90799e-14
6.289, 3.90799e-14
6.29, 3.90799e-14
6.291, 3.90799e-14
6.292, 3.90799e-14
6.293, 3.90799e-14
6.294, 3.90799e-14
6.295, 3.90799e-14
6.296, -1.63425e-13
6.297, 0.0248223
6.298, -0.159872
6.299, -0.301911
6.3, -0.410939
6.301, -0.494628
6.302, -0.558867
6.303, -0.608176
6.304, -0.646025
6.305, -0.675078
6.306, -0.697378
6.307, -0.714496
6.308, -0.727635
6.309, -0.737721
6.31, -0.745463
6.311, -0.751405
6.312, -0.755966
6.313, -0.759468
6.314, -0.762155
6.315, -0.764218
6.316, -0.765801
6.317, -0.767017
6.318, -0.76795
6.319, -0.768666
6.32, -0.769216
6.321, -0.769638
6.322, -0.769962
6.323, -0.77021
6.324, -0.770401
6.325, -0.770548
6.326, -0.77066
6.327, -0.770746
6.328, -0.770812
6.329, -0.770863
6.33, -0.770902
6.331, -0.770932
6.332, -0.770955
6.333, -0.770973
6.334, -0.770987
6.335, -0.770997
6.336, -0.771005
6.337, -0.771011
6.338, -0.771016
6.339, -0.771019
6.34, -0.771022
6.341, -0.771024
6.342, -0.771026
6.343, -0.771027
6.344, -0.771028
6.345, -0.771029
6.346, -0.771029
6.347, -0.77103
6.348, -0.77103
6.349, -0.77103
6.35, -0.771031
6.351, -0.771031
6.352, -0.771031
6.353, -0.771031
6.354, -0.771031
6.355, -0.771031
6.356, -0.771031
6.357, -0.771031
6.358, -0.771031
6.359, -0.771031
6.36, -0.771031
6.361, -0.771031
6.362, -0.771031
6.363, -0.771031
6.364, -0.771031
6.365, -0.771031
6.366, -0.771031
6.367, -0.771031
6.368, -0.771031
6.369, -0.771031
6.37, -0.771031
6.371, -0.771031
6.372, -0.771031
6.373, -0.771031
6.374, -0.771031
6.375, -0.771031
6.376, -0.771031
6.377, -0.771031
6.378, -0.771031
6.379, -0.771031
6.38, -0.771031
6.381, -0.771031
6.382, -0.771031
6.383, -0.771031
6.384, -0.771031
6.385, -0.771031
6.386, -0.771031
6.387, -0.771031
6.388, -0.771031
6.389, -0.771031
6.39, -0.771031
6.391, -0.771031
6.392, -0.771031
6.393, -0.771031
6.394, -0.771031
6.395, -0.771031
6.396, -0.771031
6.397, -0.771031
6.398, -0.771031
6.399, -0.771031
6.4, -0.771031
6.401, -0.771031
6.402, -0.771031
6.403, -0.771031
6.404, -0.771031
6.405, -0.771031
6.406, -0.771031
6.407, -0.771031
6.408, -0.771031
6.409, -0.771031
6.41, -0.771031
6.411, -0.771031
6.412, -0.771031
6.413, -0.771031
6.414, -0.771031
6.415, -0.771031
6.416, -0.771031
6.417, -0.771031
6.418, -0.771031
6.419, -0.771031
6.42, -0.771031
6.421, -0.771031
6.422, -0.771031
6.423, -0.771031
6.424, -0.771031
6.425, -0.771031
6.426, -0.771031
6.427, -0.771031
6.428, -0.771031
6.429, -0.771031
6.43, -0.771031
6.431, -0.771031
6.432, -0.771031
6.433, -0.771031
6.434, -0.771031
6.435, -0.771031
6.436, -0.771031
6.437, -0.771031
6.438, -0.771031
6.439, -0.771031
6.44, -0.771031
6.441, -0.771031
6.442, -0.771031
6.443, -0.771031
6.444, -0.771031
6.445, -0.771031
6.446, -0.771031
6.447, -0.771031
6.448, -0.771031
6.449, -0.771031
6.45, -0.771031
6.451, -0.771031
6.452, -0.771031
6.453, -0.771031
6.454, -0.771031
6.455, -0.771031
6.456, -0.771031
6.457, -0.771031
6.458, -0.771031
6.459, -0.771031
6.46, -0.771031
6.461, -0.771031
6.462, -0.771031
6.463, -0.771031
6.464, -0.771031
6.465, -0.771031
6.466, -0.771031
6.467, -0.771031
6.468, -0.771031
6.469, -0.771031
6.47, -0.771031
6.471, -0.771031
6.472, -0.771031
6.473, -0.771031
6.474, -0.771031
6.475, -0.771031
6.476, -0.771031
6.477, -0.771031
6.478, -0.771031
6.479, -0.771031
6.48, -0.771031
6.481, -0.771031
6.482, -0.771031
6.483, -0.771031
6.484, -0.771031
6.485, -0.771031
6.486, -0.771031
6.487, -0.771031
6.488, -0.771031
6.489, -0.771031
6.49, -0.771031
6.491, -0.771031
6.492, -0.771031
6.493, -0.771031
6.494, -0.771031
6.495, -0.771031
6.496, -0.771031
6.497, -0.771031
6.498, -0.771031
6.499, -0.771031
6.5, -0.771031
6.501, -0.771031
6.502, -0.771031
6.503, -0.771031
6.504, -0.771031
6.505, -0.771031
6.506, -0.771031
6.507, -0.771031
6.508, -0.771031
6.509, -0.771031
6.51, -0.771031
6.511, -0.771031
6.512, -0.771031
6.513, -0.771031
6.514, -0.771031
6.515, -0.771031
6.516, -0.771031
6.517, -0.771031
6.518, -0.771031
6.519, -0.771031
6.52, -0.771031
6.521, -0.771031
6.522, -0.771031
6.523, -0.771031
6.524, -0.771031
6.525, -0.771031
6.526, -0.771031
6.527, -0.771031
6.528, -0.771031
6.529, -0.771031
6.53, -0.771031
6.531, -0.771031
6.532, -0.771031
6.533, -0.771031
6.534, -0.771031
6.535, -0.771031
6.536, -0.771031
6.537, -0.771031
6.538, -0.771031
6.539, -0.771031
6.54, -0.771031
6.541, -0.771031
6.542, -0.771031
6.543, -0.771031
6.544, -0.771031
6.545, -0.771031
6.546, -0.771031
6.547, -0.771031
6.548, -0.771031
6.549, -0.771031
6.55, -0.771031
6.551, -0.771031
6.552, -0.771031
6.553, -0.771031
6.554, -0.771031
6.555, -0.771031
6.556, -0.771031
6.557, -0.771031
6.558, -0.771031
6.559, -0.771031
6.56, -0.771031
6.561, -0.771031
6.562, -0.771031
6.563, -0.771031
6.564, -0.771031
6.565, -0.771031
6.566, -0.771031
6.567, -0.771031
6.568, -0.771031
6.569, -0.771031
6.57, -0.771031
6.571, -0.771031
6.572, -0.771031
6.573, -0.771031
6.574, -0.771031
6.575, -0.771031
6.576, -0.771031
6.577, -0.771031
6.578, -0.771031
6.579, -0.771031
6.58, -0.771031
6.581, -0.771031
6.582, -0.771031
6.583, -0.771031
6.584, -0.771031
6.585, -0.771031
6.586, -0.771031
6.587, -0.771031
6.588, -0.771031
6.589, -0.771031
6.59, -0.771031
6.591, -0.771031
6.592, -0.771031
6.593, -0.771031
6.594, -0.771031
6.595, -0.771031
6.596, -0.771031
6.597, -0.771031
6.598, -0.771031
6.599, -0.771031
6.6, -0.771031
6.601, -0.771031
6.602, -0.771031
6.603, -0.771031
6.604, -0.771031
6.605, -0.771031
6.606, -0.771031
6.607, -0.771031
6.608, -0.771031
6.609, -0.771031
6.61, -0.771031
6.611, -0.771031
6.612, -0.771031
6.613, -0.771031
6.614, -0.771031
6.615, -0.771031
6.616, -0.771031
6.617, -0.771031
6.618, -0.771031
6.619, -0.771031
6.62, -0.771031
6.621, -0.771031
6.622, -0.771031
6.623, -0.771031
6.624, -0.771031
6.625, -0.771031
6.626, -0.771031
6.627, -0.771031
6.628, -0.771031
6.629, -0.771031
6.63, -0.771031
6.631, -0.771031
6.632, -0.771031
6.633, -0.771031
6.634, -0.771031
6.635, -0.771031
6.636, -0.771031
6.637, -0.771031
6.638, -0.771031
6.639, -0.771031
6.64, -0.771031
6.641, -0.771031
6.642, -0.771031
6.643, -0.771031
6.644, -0.771031
6.645, -0.771031
6.646, -0.771031
6.647, -0.771031
6.648, -0.771031
6.649, -0.771031
6.65, -0.771031
6.651, -0.771031
6.652, -0.771031
6.653, -0.771031
6.654, -0.771031
6.655, -0.771031
6.656, -0.771031
6.657, -0.771031
6.658, -0.771031
6.659, -0.771031
6.66, -0.771031
6.661, -0.771031
6.662, -0.771031
6.663, -0.771031
6.664, -0.771031
6.665, -0.771031
6.666, -0.771031
6.667, -0.771031
6.668, -0.771031
6.669, -0.771031
6.67, -0.771031
6.671, -0.771031
6.672, -0.771031
6.673, -0.771031
6.674, -0.771031
6.675, -0.771031
6.676, -0.771031
6.677, -0.771031
6.678, -0.771031
6.679, -0.771031
6.68, -0.771031
6.681, -0.771031
6.682, -0.771031
6.683, -0.771031
6.684, -0.771031
6.685, -0.771031
6.686, -0.771031
6.687, -0.771031
6.688, -0.771031
6.689, -0.771031
6.69, -0.771031
6.691, -0.771031
6.692, -0.771031
6.693, -0.771031
6.694, -0.771031
6.695, -0.771031
6.696, -0.771031
6.697, -0.771031
6.698, -0.771031
6.699, -0.771031
6.7, -0.771031
6.701, -0.771031
6.702, -0.771031
6.703, -0.771031
6.704, -0.771031
6.705, -0.771031
6.706, -0.771031
6.707, -0.771031
6.708, -0.771031
6.709, -0.771031
6.71, -0.771031
6.711, -0.771031
6.712, -0.771031
6.713, -0.771031
6.714, -0.771031
6.715, -0.771031
6.716, -0.771031
6.717, -0.771031
6.718, -0.771031
6.719, -0.771031
6.72, -0.771031
6.721, -0.771031
6.722, -0.771031
6.723, -0.771031
6.724, -0.771031
6.725, -0.771031
6.726, -0.771031
6.727, -0.771031
6.728, -0.771031
6.729, -0.771031
6.73, -0.771031
6.731, -0.771031
6.732, -0.771031
6.733, -0.771031
6.734, -0.771031
6.735, -0.771031
6.736, -0.771031
6.737, -0.771031
6.738, -0.771031
6.739, -0.771031
6.74, -0.771031
6.741, -0.771031
6.742, -0.771031
6.743, -0.771031
6.744, -0.771031
6.745, -0.771031
6.746, -0.771031
6.747, -0.771031
6.748, -0.771031
6.749, -0.771031
6.75, -0.771031
6.751, -0.771031
6.752, -0.771031
6.753, -0.771031
6.754, -0.771031
6.755, -0.771031
6.756, -0.771031
6.757, -0.771031
6.758, -0.771031
6.759, -0.771031
6.76, -0.771031
6.761, -0.771031
6.762, -0.771031
6.763, -0.771031
6.764, -0.771031
6.765, -0.771031
6.766, -0.771031
6.767, -0.771031
6.768, -0.771031
6.769, -0.771031
6.77, -0.771031
6.771, -0.771031
6.772, -0.771031
6.773, -0.771031
6.774, -0.771031
6.775, -0.771031
6.776, -0.771031
6.777, -0.771031
6.778, -0.771031
6.779, -0.771031
6.78, -0.771031
6.781, -0.771031
6.782, -0.771031
6.783, -0.771031
6.784, -0.771031
6.785, -0.771031
6.786, -0.771031
6.787, -0.771031
6.788, -0.771031
6.789, -0.771031
6.79, -0.771031
6.791, -0.771031
6.792, -0.771031
6.793, -0.771031
6.794, -0.771031
6.795, -0.771031
6.796, -0.771031
6.797, -0.771031
6.798, -0.771031
6.799, -0.771031
6.8, -0.771031
6.801, -0.771031
6.802, -0.771031
6.803, -0.771031
6.804, -0.771031
6.805, -0.771031
6.806, -0.771031
6.807, -0.771031
6.808, -0.771031
6.809, -0.771031
6.81, -0.771031
6.811, -0.771031
6.812, -0.771031
6.813, -0.771031
6.814, -0.771031
6.815, -0.771031
6.816, -0.771031
6.817, -0.771031
6.818, -0.771031
6.819, -0.771031
6.82, -0.771031
6.821, -0.771031
6.822, -0.771031
6.823, -0.771031
6.824, -0.771031
6.825, -0.771031
6.826, -0.771031
6.827, -0.771031
6.828, -0.771031
6.829, -0.771031
6.83, -0.771031
6.831, -0.771031
6.832, -0.771031
6.833, -0.771031
6.834, -0.771031
6.835, -0.771031
6.836, -0.771031
6.837, -0.771031
6.838, -0.771031
6.839, -0.771031
6.84, -0.771031
6.841, -0.771031
6.842, -0.771031
6.843, -0.771031
6.844, -0.771031
6.845, -0.771031
6.846, -0.771031
6.847, -0.771031
6.848, -0.771031
6.849, -0.771031
6.85, -0.771031
6.851, -0.771031
6.852, -0.771031
6.853, -0.771031
6.854, -0.771031
6.855, -0.771031
6.856, -0.771031
6.857, -0.771031
6.858, -0.771031
6.859, -0.771031
6.86, -0.771031
6.861, -0.771031
6.862, -0.771031
6.863, -0.771031
6.864, -0.771031
6.865, -0.771031
6.866, -0.771031
6.867, -0.771031
6.868, -0.771031
6.869, -0.771031
6.87, -0.771031
6.871, -0.771031
6.872, -0.771031
6.873, -0.771031
6.874, -0.771031
6.875, -0.771031
6.876, -0.771031
6.877, -0.771031
6.878, -0.771031
6.879, -0.771031
6.88, -0.771031
6.881, -0.771031
6.882, -0.771031
6.883, -0.771031
6.884, -0.771031
6.885, -0.771031
6.886, -0.771031
6.887, -0.771031
6.888, -0.771031
6.889, -0.771031
6.89, -0.771031
6.891, -0.771031
6.892, -0.771031
6.893, -0.771031
6.894, -0.771031
6.895, -0.771031
6.896, -0.771031
6.897, -0.771031
6.898, -0.771031
6.899, -0.771031
6.9, -0.771031
6.901, -0.771031
6.902, -0.771031
6.903, -0.771031
6.904, -0.771031
6.905, -0.771031
6.906, -0.771031
6.907, -0.771031
6.908, -0.771031
6.909, -0.771031
6.91, -0.771031
6.911, -0.771031
6.912, -0.771031
6.913, -0.771031
6.914, -0.771031
6.915, -0.771031
6.916, -0.771031
6.917, -0.771031
6.918, -0.771031
6.919, -0.771031
6.92, -0.771031
6.921, -0.771031
6.922, -0.771031
6.923, -0.771031
6.924, -0.771031
6.925, -0.771031
6.926, -0.771031
6.927, -0.771031
6.928, -0.771031
6.929, -0.771031
6.93, -0.771031
6.931, -0.771031
6.932, -0.771031
6.933, -0.771031
6.934, -0.771031
6.935, -0.771031
6.936, -0.771031
6.937, -0.771031
6.938, -0.771031
6.939, -0.771031
6.94, -0.771031
6.941, -0.771031
6.942, -0.771031
6.943, -0.771031
6.944, -0.771031
6.945, -0.771031
6.946, -0.771031
6.947, -0.771031
6.948, -0.771031
6.949, -0.771031
6.95, -0.771031
6.951, -0.771031
6.952, -0.771031
6.953, -0.771031
6.954, -0.771031
6.955, -0.771031
6.956, -0.771031
6.957, -0.771031
6.958, -0.771031
6.959, -0.771031
6.96, -0.771031
6.961, -0.771031
6.962, -0.771031
6.963, -0.771031
6.964, -0.771031
6.965, -0.771031
6.966, -0.771031
6.967, -0.771031
6.968, -0.771031
6.969, -0.771031
6.97, -0.771031
6.971, -0.771031
6.972, -0.771031
6.973, -0.771031
6.974, -0.771031
6.975, -0.771031
6.976, -0.771031
6.977, -0.771031
6.978, -0.771031
6.979, -0.771031
6.98, -0.771031
6.981, -0.771031
6.982, -0.771031
6.983, -0.771031
6.984, -0.771031
6.985, -0.771031
6.986, -0.771031
6.987, -0.771031
6.988, -0.771031
6.989, -0.771031
6.99, -0.771031
6.991, -0.771031
6.992, -0.771031
6.993, -0.771031
6.994, -0.771031
6.995, -0.771031
6.996, -0.771031
6.997, -0.771031
6.998, -0.771031
6.999, -0.771031
7, -0.771031
7.001, -0.771031
7.002, -0.771031
7.003, -0.771031
7.004, -0.771031
7.005, -0.771031
7.006, -0.771031
7.007, -0.771031
7.008, -0.771031
7.009, -0.771031
7.01, -0.771031
7.011, -0.771031
7.012, -0.771031
7.013, -0.771031
7.014, -0.771031
7.015, -0.771031
7.016, -0.771031
7.017, -0.771031
7.018, -0.771031
7.019, -0.771031
7.02, -0.771031
7.021, -0.771031
7.022, -0.771031
7.023, -0.771031
7.024, -0.771031
7.025, -0.771031
7.026, -0.771031
7.027, -0.771031
7.028, -0.771031
7.029, -0.771031
7.03, -0.771031
7.031, -0.771031
7.032, -0.771031
7.033, -0.771031
7.034, -0.771031
7.035, -0.771031
7.036, -0.771031
7.037, -0.771031
7.038, -0.771031
7.039, -0.771031
7.04, -0.771031
7.041, -0.771031
7.042, -0.771031
7.043, -0.771031
7.044, -0.771031
7.045, -0.771031
7.046, -0.771031
7.047, -0.771031
7.048, -0.771031
7.049, -0.771031
7.05, -0.771031
7.051, -0.771031
7.052, -0.771031
7.053, -0.771031
7.054, -0.771031
7.055, -0.771031
7.056, -0.771031
7.057, -0.771031
7.058, -0.771031
7.059, -0.771031
7.06, -0.771031
7.061, -0.771031
7.062, -0.771031
7.063, -0.771031
7.064, -0.771031
7.065, -0.771031
7.066, -0.771031
7.067, -0.771031
7.068, -0.771031
7.069, -0.771031
7.07, -0.771031
7.071, -0.771031
7.072, -0.771031
7.073, -0.771031
7.074, -0.771031
7.075, -0.771031
7.076, -0.771031
7.077, -0.771031
7.078, -0.771031
7.079, -0.771031
7.08, -0.771031
7.081, -0.771031
7.082, -0.771031
7.083, -0.771031
7.084, -0.771031
7.085, -0.771031
7.086, -0.771031
7.087, -0.771031
7.088, -0.771031
7.089, -0.771031
7.09, -0.771031
7.091, -0.771031
7.092, -0.771031
7.093, -0.771031
7.094, -0.771031
7.095, -0.771031
7.096, -0.771031
7.097, -0.771031
7.098, -0.771031
7.099, -0.771031
7.1, -0.771031
7.101, -0.771031
7.102, -0.771031
7.103, -0.771031
7.104, -0.771031
7.105, -0.771031
7.106, -0.771031
7.107, -0.771031
7.108, -0.771031
7.109, -0.771031
7.11, -0.771031
7.111, -0.771031
7.112, -0.771031
7.113, -0.771031
7.114, -0.771031
7.115, -0.771031
7.116, -0.771031
7.117, -0.771031
7.118, -0.771031
7.119, -0.771031
7.12, -0.771031
7.121, -0.771031
7.122, -0.771031
7.123, -0.771031
7.124, -0.771031
7.125, -0.771031
7.126, -0.771031
7.127, -0.771031
7.128, -0.771031
7.129, -0.771031
7.13, -0.771031
7.131, -0.771031
7.132, -0.771031
7.133, -0.771031
7.134, -0.771031
7.135, -0.771031
7.136, -0.771031
7.137, -0.771031
7.138, -0.771031
7.139, -0.771031
7.14, -0.771031
7.141, -0.771031
7.142, -0.771031
7.143, -0.771031
7.144, -0.771031
7.145, -0.771031
7.146, -0.771031
7.147, -0.771031
7.148, -0.771031
7.149, -0.771031
7.15, -0.771031
7.151, -0.771031
7.152, -0.771031
7.153, -0.771031
7.154, -0.771031
7.155, -0.771031
7.156, -0.771031
7.157, -0.771031
7.158, -0.771031
7.159, -0.771031
7.16, -0.771031
7.161, -0.771031
7.162, -0.771031
7.163, -0.771031
7.164, -0.771031
7.165, -0.771031
7.166, -0.771031
7.167, -0.771031
7.168, -0.771031
7.169, -0.771031
7.17, -0.771031
7.171, -0.771031
7.172, -0.771031
7.173, -0.771031
7.174, -0.771031
7.175, -0.771031
7.176, -0.771031
7.177, -0.771031
7.178, -0.771031
7.179, -0.771031
7.18, -0.771031
7.181, -0.771031
7.182, -0.771031
7.183, -0.771031
7.184, -0.771031
7.185, -0.771031
7.186, -0.771031
7.187, -0.771031
7.188, -0.771031
7.189, -0.771031
7.19, -0.771031
7.191, -0.771031
7.192, -0.771031
7.193, -0.771031
7.194, -0.771031
7.195, -0.771031
7.196, -0.771031
7.197, -0.771031
7.198, -0.771031
7.199, -0.771031
7.2, -0.771031
7.201, -0.771031
7.202, -0.771031
7.203, -0.771031
7.204, -0.771031
7.205, -0.771031
7.206, -0.771031
7.207, -0.771031
7.208, -0.771031
7.209, -0.771031
7.21, -0.771031
7.211, -0.771031
7.212, -0.771031
7.213, -0.771031
7.214, -0.771031
7.215, -0.771031
7.216, -0.771031
7.217, -0.771031
7.218, -0.771031
7.219, -0.771031
7.22, -0.771031
7.221, -0.771031
7.222, -0.771031
7.223, -0.771031
7.224, -0.771031
7.225, -0.771031
7.226, -0.771031
7.227, -0.771031
7.228, -0.771031
7.229, -0.771031
7.23, -0.771031
7.231, -0.771031
7.232, -0.771031
7.233, -0.771031
7.234, -0.771031
7.235, -0.771031
7.236, -0.771031
7.237, -0.771031
7.238, -0.771031
7.239, -0.771031
7.24, -0.771031
7.241, -0.771031
7.242, -0.771031
7.243, -0.771031
7.244, -0.771031
7.245, -0.771031
7.246, -0.771031
7.247, -0.771031
7.248, -0.771031
7.249, -0.771031
7.25, -0.771031
7.251, -0.771031
7.252, -0.771031
7.253, -0.771031
7.254, -0.771031
7.255, -0.771031
7.256, -0.771031
7.257, -0.771031
7.258, -0.771031
7.259, -0.771031
7.26, -0.771031
7.261, -0.771031
7.262, -0.771031
7.263, -0.771031
7.264, -0.771031
7.265, -0.771031
7.266, -0.771031
7.267, -0.771031
7.268, -0.771031
7.269, -0.771031
7.27, -0.771031
7.271, -0.771031
7.272, -0.771031
7.273, -0.771031
7.274, -0.771031
7.275, -0.771031
7.276, -0.771031
7.277, -0.771031
7.278, -0.771031
7.279, -0.771031
7.28, -0.771031
7.281, -0.771031
7.282, -0.771031
7.283, -0.771031
7.284, -0.771031
7.285, -0.771031
7.286, -0.771031
7.287, -0.771031
7.288, -0.771031
7.289, -0.771031
7.29, -0.771031
7.291, -0.771031
7.292, -0.771031
7.293, -0.771031
7.294, -0.771031
7.295, -0.771031
7.296, -0.771031
7.297, -0.771031
7.298, -0.771031
7.299, -0.771031
7.3, -0.771031
7.301, -0.771031
7.302, -0.771031
7.303, -0.771031
7.304, -0.771031
7.305, -0.771031
7.306, -0.771031
7.307, -0.771031
7.308, -0.771031
7.309, -0.771031
7.31, -0.771031
7.311, -0.771031
7.312, -0.771031
7.313, -0.771031
7.314, -0.771031
7.315, -0.771031
7.316, -0.771031
7.317, -0.771031
7.318, -0.771031
7.319, -0.771031
7.32, -0.771031
7.321, -0.771031
7.322, -0.771031
7.323, -0.771031
7.324, -0.771031
7.325, -0.771031
7.326, -0.771031
7.327, -0.771031
7.328, -0.771031
7.329, -0.771031
7.33, -0.771031
7.331, -0.771031
7.332, -0.771031
7.333, -0.771031
7.334, -0.771031
7.335, -0.771031
7.336, -0.771031
7.337, -0.771031
7.338, -0.771031
7.339, -0.771031
7.34, -0.771031
7.341, -0.771031
7.342, -0.771031
7.343, -0.771031
7.344, -0.771031
7.345, -0.771031
7.346, -0.771031
7.347, -0.771031
7.348, -0.771031
7.349, -0.771031
7.35, -0.771031
7.351, -0.771031
7.352, -0.771031
7.353, -0.771031
7.354, -0.771031
7.355, -0.771031
7.356, -0.771031
7.357, -0.771031
7.358, -0.771031
7.359, -0.771031
7.36, -0.771031
7.361, -0.771031
7.362, -0.771031
7.363, -0.771031
7.364, -0.771031
7.365, -0.771031
7.366, -0.771031
7.367, -0.771031
7.368, -0.771031
7.369, -0.771031
7.37, -0.771031
7.371, -0.771031
7.372, -0.771031
7.373, -0.771031
7.374, -0.771031
7.375, -0.771031
7.376, -0.771031
7.377, -0.771031
7.378, -0.771031
7.379, -0.771031
7.38, -0.771031
7.381, -0.771031
7.382, -0.771031
7.383, -0.771031
7.384, -0.771031
7.385, -0.771031
7.386, -0.771031
7.387, -0.771031
7.388, -0.771031
7.389, -0.771031
7.39, -0.771031
7.391, -0.771031
7.392, -0.771031
7.393, -0.771031
7.394, -0.771031
7.395, -0.771031
7.396, -0.771031
7.397, -0.771031
7.398, -0.771031
7.399, -0.771031
7.4, -0.771031
7.401, -0.771031
7.402, -0.771031
7.403, -0.771031
7.404, -0.771031
7.405, -0.771031
7.406, -0.771031
7.407, -0.771031
7.408, -0.771031
7.409, -0.771031
7.41, -0.771031
7.411, -0.771031
7.412, -0.771031
7.413, -0.771031
7.414, -0.771031
7.415, -0.771031
7.416, -0.771031
7.417, -0.771031
7.418, -0.771031
7.419, -0.771031
7.42, -0.771031
7.421, -0.771031
7.422, -0.771031
7.423, -0.771031
7.424, -0.771031
7.425, -0.771031
7.426, -0.771031
7.427, -0.771031
7.428, -0.771031
7.429, -0.771031
7.43, -0.771031
7.431, -0.771031
7.432, -0.771031
7.433, -0.771031
7.434, -0.771031
7.435, -0.771031
7.436, -0.771031
7.437, -0.771031
7.438, -0.771031
7.439, -0.771031
7.44, -0.771031
7.441, -0.771031
7.442, -0.771031
7.443, -0.771031
7.444, -0.771031
7.445, -0.771031
7.446, -0.771031
7.447, -0.771031
7.448, -0.771031
7.449, -0.771031
7.45, -0.771031
7.451, -0.771031
7.452, -0.771031
7.453, -0.771031
7.454, -0.771031
7.455, -0.771031
7.456, -0.771031
7.457, -0.771031
7.458, -0.771031
7.459, -0.771031
7.46, -0.771031
7.461, -0.771031
7.462, -0.771031
7.463, -0.771031
7.464, -0.771031
7.465, -0.771031
7.466, -0.771031
7.467, -0.771031
7.468, -0.771031
7.469, -0.771031
7.47, -0.771031
7.471, -0.771031
7.472, -0.771031
7.473, -0.771031
7.474, -0.771031
7.475, -0.771031
7.476, -0.771031
7.477, -0.771031
7.478, -0.771031
7.479, -0.771031
7.48, -0.771031
7.481, -0.771031
7.482, -0.771031
7.483, -0.771031
7.484, -0.771031
7.485, -0.771031
7.486, -0.771031
7.487, -0.771031
7.488, -0.771031
7.489, -0.771031
7.49, -0.771031
7.491, -0.771031
7.492, -0.771031
7.493, -0.771031
7.494, -0.771031
7.495, -0.771031
7.496, -0.771031
7.497, -0.771031
7.498, -0.771031
7.499, -0.771031
7.5, -0.771031
7.501, -0.771031
7.502, -0.771031
7.503, -0.771031
7.504, -0.771031
7.505, -0.771031
7.506, -0.771031
7.507, -0.771031
7.508, -0.771031
7.509, -0.771031
7.51, -0.771031
7.511, -0.771031
7.512, -0.771031
7.513, -0.771031
7.514, -0.771031
7.515, -0.771031
7.516, -0.771031
7.517, -0.771031
7.518, -0.771031
7.519, -0.771031
7.52, -0.771031
7.521, -0.771031
7.522, -0.771031
7.523, -0.771031
7.524, -0.771031
7.525, -0.771031
7.526, -0.771031
7.527, -0.771031
7.528, -0.771031
7.529, -0.771031
7.53, -0.771031
7.531, -0.771031
7.532, -0.771031
7.533, -0.771031
7.534, -0.771031
7.535, -0.771031
7.536, -0.771031
7.537, -0.771031
7.538, -0.771031
7.539, -0.771031
7.54, -0.771031
7.541, -0.771031
7.542, -0.771031
7.543, -0.771031
7.544, -0.771031
7.545, -0.771031
7.546, -0.771031
7.547, -0.771031
7.548, -0.771031
7.549, -0.771031
7.55, -0.771031
7.551, -0.771031
7.552, -0.771031
7.553, -0.771031
7.554, -0.771031
7.555, -0.771031
7.556, -0.771031
7.557, -0.771031
7.558, -0.771031
7.559, -0.771031
7.56, -0.771031
7.561, -0.771031
7.562, -0.771031
7.563, -0.771031
7.564, -0.771031
7.565, -0.771031
7.566, -0.771031
7.567, -0.771031
7.568, -0.771031
7.569, -0.771031
7.57, -0.771031
7.571, -0.771031
7.572, -0.771031
7.573, -0.771031
7.574, -0.771031
7.575, -0.771031
7.576, -0.771031
7.577, -0.771031
7.578, -0.771031
7.579, -0.771031
7.58, -0.771031
7.581, -0.771031
7.582, -0.771031
7.583, -0.771031
7.584, -0.771031
7.585, -0.771031
7.586, -0.771031
7.587, -0.771031
7.588, -0.771031
7.589, -0.771031
7.59, -0.771031
7.591, -0.771031
7.592, -0.771031
7.593, -0.771031
7.594, -0.771031
7.595, -0.771031
7.596, -0.771031
7.597, -0.771031
7.598, -0.771031
7.599, -0.771031
7.6, -0.771031
7.601, -0.771031
7.602, -0.771031
7.603, -0.771031
7.604, -0.771031
7.605, -0.771031
7.606, -0.771031
7.607, -0.771031
7.608, -0.771031
7.609, -0.771031
7.61, -0.771031
7.611, -0.771031
7.612, -0.771031
7.613, -0.771031
7.614, -0.771031
7.615, -0.771031
7.616, -0.771031
7.617, -0.771031
7.618, -0.771031
7.619, -0.771031
7.62, -0.771031
7.621, -0.771031
7.622, -0.771031
7.623, -0.771031
7.624, -0.771031
7.625, -0.771031
7.626, -0.771031
7.627, -0.771031
7.628, -0.771031
7.629, -0.771031
7.63, -0.771031
7.631, -0.771031
7.632, -0.771031
7.633, -0.771031
7.634, -0.771031
7.635, -0.771031
7.636, -0.771031
7.637, -0.771031
7.638, -0.771031
7.639, -0.771031
7.64, -0.771031
7.641, -0.771031
7.642, -0.771031
7.643, -0.771031
7.644, -0.771031
7.645, -0.771031
7.646, -0.771031
7.647, -0.771031
7.648, -0.771031
7.649, -0.771031
7.65, -0.771031
7.651, -0.771031
7.652, -0.771031
7.653, -0.771031
7.654, -0.771031
7.655, -0.771031
7.656, -0.771031
7.657, -0.771031
7.658, -0.771031
7.659, -0.771031
7.66, -0.771031
7.661, -0.771031
7.662, -0.771031
7.663, -0.771031
7.664, -0.771031
7.665, -0.771031
7.666, -0.771031
7.667, -0.771031
7.668, -0.771031
7.669, -0.771031
7.67, -0.771031
7.671, -0.771031
7.672, -0.771031
7.673, -0.771031
7.674, -0.771031
7.675, -0.771031
7.676, -0.771031
7.677, -0.771031
7.678, -0.771031
7.679, -0.771031
7.68, -0.771031
7.681, -0.771031
7.682, -0.771031
7.683, -0.771031
7.684, -0.771031
7.685, -0.771031
7.686, -0.771031
7.687, -0.771031
7.688, -0.771031
7.689, -0.771031
7.69, -0.771031
7.691, -0.771031
7.692, -0.771031
7.693, -0.771031
7.694, -0.771031
7.695, -0.771031
7.696, -0.771031
7.697, -0.771031
7.698, -0.771031
7.699, -0.771031
7.7, -0.771031
7.701, -0.771031
7.702, -0.771031
7.703, -0.771031
7.704, -0.771031
7.705, -0.771031
7.706, -0.771031
7.707, -0.771031
7.708, -0.771031
7.709, -0.771031
7.71, -0.771031
7.711, -0.771031
7.712, -0.771031
7.713, -0.771031
7.714, -0.771031
7.715, -0.771031
7.716, -0.771031
7.717, -0.771031
7.718, -0.771031
7.719, -0.771031
7.72, -0.771031
7.721, -0.771031
7.722, -0.771031
7.723, -0.771031
7.724, -0.771031
7.725, -0.771031
7.726, -0.771031
7.727, -0.771031
7.728, -0.771031
7.729, -0.771031
7.73, -0.771031
7.731, -0.771031
7.732, -0.771031
7.733, -0.771031
7.734, -0.771031
7.735, -0.771031
7.736, -0.771031
7.737, -0.771031
7.738, -0.771031
7.739, -0.771031
7.74, -0.771031
7.741, -0.771031
7.742, -0.771031
7.743, -0.771031
7.744, -0.771031
7.745, -0.771031
7.746, -0.771031
7.747, -0.771031
7.748, -0.771031
7.749, -0.771031
7.75, -0.771031
7.751, -0.771031
7.752, -0.771031
7.753, -0.771031
7.754, -0.771031
7.755, -0.771031
7.756, -0.771031
7.757, -0.771031
7.758, -0.771031
7.759, -0.771031
7.76, -0.771031
7.761, -0.771031
7.762, -0.771031
7.763, -0.771031
7.764, -0.771031
7.765, -0.771031
7.766, -0.771031
7.767, -0.771031
7.768, -0.771031
7.769, -0.771031
7.77, -0.771031
7.771, -0.771031
7.772, -0.771031
7.773, -0.771031
7.774, -0.771031
7.775, -0.771031
7.776, -0.771031
7.777, -0.771031
7.778, -0.771031
7.779, -0.771031
7.78, -0.771031
7.781, -0.771031
7.782, -0.771031
7.783, -0.771031
7.784, -0.771031
7.785, -0.771031
7.786, -0.771031
7.787, -0.771031
7.788, -0.771031
7.789, -0.771031
7.79, -0.771031
7.791, -0.771031
7.792, -0.771031
7.793, -0.771031
7.794, -0.771031
7.795, -0.771031
7.796, -0.771031
7.797, -0.771031
7.798, -0.771031
7.799, -0.771031
7.8, -0.771031
7.801, -0.771031
7.802, -0.771031
7.803, -0.771031
7.804, -0.771031
7.805, -0.771031
7.806, -0.771031
7.807, -0.771031
7.808, -0.771031
7.809, -0.771031
7.81, -0.771031
7.811, -0.771031
7.812, -0.771031
7.813, -0.771031
7.814, -0.771031
7.815, -0.771031
7.816, -0.771031
7.817, -0.771031
7.818, -0.771031
7.819, -0.771031
7.82, -0.771031
7.821, -0.771031
7.822, -0.771031
7.823, -0.771031
7.824, -0.771031
7.825, -0.771031
7.826, -0.771031
7.827, -0.771031
7.828, -0.771031
7.829, -0.771031
7.83, -0.771031
7.831, -0.771031
7.832, -0.771031
7.833, -0.771031
7.834, -0.771031
7.835, -0.771031
7.836, -0.771031
7.837, -0.771031
7.838, -0.771031
7.839, -0.771031
7.84, -0.771031
7.841, -0.771031
7.842, -0.771031
7.843, -0.771031
7.844, -0.771031
7.845, -0.771031
7.846, -0.771031
7.847, -0.771031
7.848, -0.771031
7.849, -0.771031
7.85, -0.771031
7.851, -0.771031
7.852, -0.771031
7.853, -0.771031
7.854, -0.771031
7.855, -0.771031
7.856, -0.771031
7.857, -0.771031
7.858, -0.771031
7.859, -0.771031
7.86, -0.771031
7.861, -0.771031
7.862, -0.771031
7.863, -0.771031
7.864, -0.771031
7.865, -0.771031
7.866, -0.771031
7.867, -0.771031
7.868, -0.771031
7.869, -0.771031
7.87, -0.771031
7.871, -0.771031
7.872, -0.771031
7.873, -0.771031
7.874, -0.771031
7.875, -0.771031
7.876, -0.771031
7.877, -0.771031
7.878, -0.771031
7.879, -0.771031
7.88, -0.771031
7.881, -0.771031
7.882, -0.771031
7.883, -0.771031
7.884, -0.771031
7.885, -0.771031
7.886, -0.771031
7.887, -0.771031
7.888, -0.771031
7.889, -0.771031
7.89, -0.771031
7.891, -0.771031
7.892, -0.771031
7.893, -0.771031
7.894, -0.771031
7.895, -0.771031
7.896, -0.771031
7.897, -0.771031
7.898, -0.771031
7.899, -0.771031
7.9, -0.771031
7.901, -0.771031
7.902, -0.771031
7.903, -0.771031
7.904, -0.771031
7.905, -0.771031
7.906, -0.771031
7.907, -0.771031
7.908, -0.771031
7.909, -0.771031
7.91, -0.771031
7.911, -0.771031
7.912, -0.771031
7.913, -0.771031
7.914, -0.771031
7.915, -0.771031
7.916, -0.771031
7.917, -0.771031
7.918, -0.771031
7.919, -0.771031
7.92, -0.771031
7.921, -0.771031
7.922, -0.771031
7.923, -0.771031
7.924, -0.771031
7.925, -0.771031
7.926, -0.771031
7.927, -0.771031
7.928, -0.771031
7.929, -0.771031
7.93, -0.771031
7.931, -0.771031
7.932, -0.771031
7.933, -0.771031
7.934, -0.771031
7.935, -0.771031
7.936, -0.771031
7.937, -0.771031
7.938, -0.771031
7.939, -0.771031
7.94, -0.771031
7.941, -0.771031
7.942, -0.771031
7.943, -0.771031
7.944, -0.771031
7.945, -0.771031
7.946, -0.771031
7.947, -0.771031
7.948, -0.771031
7.949, -0.771031
7.95, -0.771031
7.951, -0.771031
7.952, -0.771031
7.953, -0.771031
7.954, -0.771031
7.955, -0.771031
7.956, -0.771031
7.957, -0.771031
7.958, -0.771031
7.959, -0.771031
7.96, -0.771031
7.961, -0.771031
7.962, -0.771031
7.963, -0.771031
7.964, -0.771031
7.965, -0.771031
7.966, -0.771031
7.967, -0.771031
7.968, -0.771031
7.969, -0.771031
7.97, -0.771031
7.971, -0.771031
7.972, -0.771031
7.973, -0.771031
7.974, -0.771031
7.975, -0.771031
7.976, -0.771031
7.977, -0.771031
7.978, -0.771031
7.979, -0.771031
7.98, -0.771031
7.981, -0.771031
7.982, -0.771031
7.983, -0.771031
7.984, -0.771031
7.985, -0.771031
7.986, -0.771031
7.987, -0.771031
7.988, -0.771031
7.989, -0.771031
7.99, -0.771031
7.991, -0.771031
7.992, -0.771031
7.993, -0.771031
7.994, -0.771031
7.995, -0.771031
7.996, -0.771031
7.997, -0.771031
7.998, -0.771031
7.999, -0.771031
8, -0.771031
8.001, -0.771031
8.002, -0.771031
8.003, -0.771031
8.004, -0.771031
8.005, -0.771031
8.006, -0.771031
8.007, -0.771031
8.008, -0.771031
8.009, -0.771031
8.01, -0.771031
8.011, -0.771031
8.012, -0.771031
8.013, -0.771031
8.014, -0.771031
8.015, -0.771031
8.016, -0.771031
8.017, -0.771031
8.018, -0.771031
8.019, -0.771031
8.02, -0.771031
8.021, -0.771031
8.022, -0.771031
8.023, -0.771031
8.024, -0.771031
8.025, -0.771031
8.026, -0.771031
8.027, -0.771031
8.028, -0.771031
8.029, -0.771031
8.03, -0.771031
8.031, -0.771031
8.032, -0.771031
8.033, -0.771031
8.034, -0.771031
8.035, -0.771031
8.036, -0.771031
8.037, -0.771031
8.038, -0.771031
8.039, -0.771031
8.04, -0.771031
8.041, -0.771031
8.042, -0.771031
8.043, -0.771031
8.044, -0.771031
8.045, -0.771031
8.046, -0.771031
8.047, -0.771031
8.048, -0.771031
8.049, -0.771031
8.05, -0.771031
8.051, -0.771031
8.052, -0.771031
8.053, -0.771031
8.054, -0.771031
8.055, -0.771031
8.056, -0.771031
8.057, -0.771031
8.058, -0.771031
8.059, -0.771031
8.06, -0.771031
8.061, -0.771031
8.062, -0.771031
8.063, -0.771031
8.064, -0.771031
8.065, -0.771031
8.066, -0.771031
8.067, -0.771031
8.068, -0.771031
8.069, -0.771031
8.07, -0.771031
8.071, -0.771031
8.072, -0.771031
8.073, -0.771031
8.074, -0.771031
8.075, -0.771031
8.076, -0.771031
8.077, -0.771031
8.078, -0.771031
8.079, -0.771031
8.08, -0.771031
8.081, -0.771031
8.082, -0.771031
8.083, -0.771031
8.084, -0.771031
8.085, -0.771031
8.086, -0.771031
8.087, -0.771031
8.088, -0.771031
8.089, -0.771031
8.09, -0.771031
8.091, -0.771031
8.092, -0.771031
8.093, -0.771031
8.094, -0.771031
8.095, -0.771031
8.096, -0.771031
8.097, -0.771031
8.098, -0.771031
8.099, -0.771031
8.1, -0.771031
8.101, -0.771031
8.102, -0.771031
8.103, -0.771031
8.104, -0.771031
8.105, -0.771031
8.106, -0.771031
8.107, -0.771031
8.108, -0.771031
8.109, -0.771031
8.11, -0.771031
8.111, -0.771031
8.112, -0.771031
8.113, -0.771031
8.114, -0.771031
8.115, -0.771031
8.116, -0.771031
8.117, -0.771031
8.118, -0.771031
8.119, -0.771031
8.12, -0.771031
8.121, -0.771031
8.122, -0.771031
8.123, -0.771031
8.124, -0.771031
8.125, -0.771031
8.126, -0.771031
8.127, -0.771031
8.128, -0.771031
8.129, -0.771031
8.13, -0.771031
8.131, -0.771031
8.132, -0.771031
8.133, -0.771031
8.134, -0.771031
8.135, -0.771031
8.136, -0.771031
8.137, -0.771031
8.138, -0.771031
8.139, -0.771031
8.14, -0.771031
8.141, -0.771031
8.142, -0.771031
8.143, -0.771031
8.144, -0.771031
8.145, -0.771031
8.146, -0.771031
8.147, -0.771031
8.148, -0.771031
8.149, -0.771031
8.15, -0.771031
8.151, -0.771031
8.152, -0.771031
8.153, -0.771031
8.154, -0.771031
8.155, -0.771031
8.156, -0.771031
8.157, -0.771031
8.158, -0.771031
8.159, -0.771031
8.16, -0.771031
8.161, -0.771031
8.162, -0.771031
8.163, -0.771031
8.164, -0.771031
8.165, -0.771031
8.166, -0.771031
8.167, -0.771031
8.168, -0.771031
8.169, -0.771031
8.17, -0.771031
8.171, -0.771031
8.172, -0.771031
8.173, -0.771031
8.174, -0.771031
8.175, -0.771031
8.176, -0.771031
8.177, -0.771031
8.178, -0.771031
8.179, -0.771031
8.18, -0.771031
8.181, -0.771031
8.182, -0.771031
8.183, -0.771031
8.184, -0.771031
8.185, -0.771031
8.186, -0.771031
8.187, -0.771031
8.188, -0.771031
8.189, -0.771031
8.19, -0.771031
8.191, -0.771031
8.192, -0.771031
8.193, -0.771031
8.194, -0.771031
8.195, -0.771031
8.196, -0.771031
8.197, -0.771031
8.198, -0.771031
8.199, -0.771031
8.2, -0.771031
8.201, -0.771031
8.202, -0.771031
8.203, -0.771031
8.204, -0.771031
8.205, -0.771031
8.206, -0.771031
8.207, -0.771031
8.208, -0.771031
8.209, -0.771031
8.21, -0.771031
8.211, -0.771031
8.212, -0.771031
8.213, -0.771031
8.214, -0.771031
8.215, -0.771031
8.216, -0.771031
8.217, -0.771031
8.218, -0.771031
8.219, -0.771031
8.22, -0.771031
8.221, -0.771031
8.222, -0.771031
8.223, -0.771031
8.224, -0.771031
8.225, -0.771031
8.226, -0.771031
8.227, -0.771031
8.228, -0.771031
8.229, -0.771031
8.23, -0.771031
8.231, -0.771031
8.232, -0.771031
8.233, -0.771031
8.234, -0.771031
8.235, -0.771031
8.236, -0.771031
8.237, -0.771031
8.238, -0.771031
8.239, -0.771031
8.24, -0.771031
8.241, -0.771031
8.242, -0.771031
8.243, -0.771031
8.244, -0.771031
8.245, -0.771031
8.246, -0.771031
8.247, -0.771031
8.248, -0.771031
8.249, -0.771031
8.25, -0.771031
8.251, -0.771031
8.252, -0.771031
8.253, -0.771031
8.254, -0.771031
8.255, -0.771031
8.256, -0.771031
8.257, -0.771031
8.258, -0.771031
8.259, -0.771031
8.26, -0.771031
8.261, -0.771031
8.262, -0.771031
8.263, -0.771031
8.264, -0.771031
8.265, -0.771031
8.266, -0.771031
8.267, -0.771031
8.268, -0.771031
8.269, -0.771031
8.27, -0.771031
8.271, -0.771031
8.272, -0.771031
8.273, -0.771031
8.274, -0.771031
8.275, -0.771031
8.276, -0.771031
8.277, -0.771031
8.278, -0.771031
8.279, -0.771031
8.28, -0.771031
8.281, -0.771031
8.282, -0.771031
8.283, -0.771031
8.284, -0.771031
8.285, -0.771031
8.286, -0.771031
8.287, -0.771031
8.288, -0.771031
8.289, -0.771031
8.29, -0.771031
8.291, -0.771031
8.292, -0.771031
8.293, -0.771031
8.294, -0.771031
8.295, -0.771031
8.296, -0.771031
8.297, -0.771031
8.298, -0.592073
8.299, -0.45447
8.3, -0.348846
8.301, -0.267771
8.302, -0.205539
8.303, -0.157769
8.304, -0.121102
8.305, -0.0929569
8.306, -0.0713528
8.307, -0.0547697
8.308, -0.0420407
8.309, -0.0322701
8.31, -0.0247702
8.311, -0.0190133
8.312, -0.0145945
8.313, -0.0112026
8.314, -0.00859898
8.315, -0.0066005
8.316, -0.00506648
8.317, -0.00388898
8.318, -0.00298514
8.319, -0.00229137
8.32, -0.00175883
8.321, -0.00135006
8.322, -0.00103629
8.323, -0.000795449
8.324, -0.000610579
8.325, -0.000468675
8.326, -0.00035975
8.327, -0.000276141
8.328, -0.000211963
8.329, -0.000162701
8.33, -0.000124887
8.331, -9.58624e-05
8.332, -7.3583e-05
8.333, -5.64816e-05
8.334, -4.33548e-05
8.335, -3.32787e-05
8.336, -2.55444e-05
8.337, -1.96076e-05
8.338, -1.50506e-05
8.339, -1.15527e-05
8.34, -8.86775e-06
8.341, -6.8068e-06
8.342, -5.22483e-06
8.343, -4.01053e-06
8.344, -3.07845e-06
8.345, -2.36299e-06
8.346, -1.8138e-06
8.347, -1.39226e-06
8.348, -1.06869e-06
8.349, -8.20313e-07
8.35, -6.29661e-07
8.351, -4.83325e-07
8.352, -3.70993e-07
8.353, -2.84773e-07
8.354, -2.18589e-07
8.355, -1.67784e-07
8.356, -1.28792e-07
8.357, -9.88584e-08
8.358, -7.58837e-08
8.359, -5.82468e-08
8.36, -4.4708e-08
8.361, -3.43189e-08
8.362, -2.63408e-08
8.363, -2.02208e-08
8.364, -1.55233e-08
8.365, -1.19144e-08
8.366, -9.14406e-09
8.367, -7.01948e-09
8.368, -5.38694e-09
8.369, -4.13547e-09
8.37, -3.17596e-09
8.371, -2.43836e-09
8.372, -1.87265e-09
8.373, -1.43609e-09
8.374, -1.10322e-09
8.375, -8.43102e-10
8.376, -6.50289e-10
8.377, -4.97494e-10
8.378, -3.82897e-10
8.379, -2.93767e-10
8.38, -2.24645e-10
8.381, -1.72804e-10
8.382, -1.33696e-10
8.383, -1.00044e-10
8.384, -8.00355e-11
8.385, -6.18456e-11
8.386, -4.72937e-11
8.387, -3.45608e-11
8.388, -2.45564e-11
8.389, -2.18279e-11
8.39, -1.45519e-11
8.391, -1.18234e-11
8.392, -1.09139e-11
8.393, -5.45696e-12
8.394, -4.54747e-12
8.395, -4.54746e-12
8.396, -3.63799e-12
8.397, -4.54747e-12
8.398, -2.72849e-12
8.399, -1.38778e-17
8.4, -9.09488e-13
8.401, -1.81898e-12
8.402, -6.93889e-18
8.403, -9.09488e-13
8.404, -9.09502e-13
8.405, 2.26264e-40
8.406, 9.09502e-13
8.407, -1.38778e-17
8.408, 9.09495e-13
8.409, -2.30055e-41
8.41, -9.09495e-13
8.411, -9.09495e-13
8.412, 6.93889e-18
8.413, 9.09495e-13
8.414, -6.93889e-18
8.415, 9.09488e-13
8.416, 6.93889e-18
8.417, -9.09488e-13
8.418, -9.09488e-13
8.419, -9.42432e-41
8.42, 9.09488e-13
8.421, -6.93889e-18
8.422, 9.09488e-13
8.423, 6.93889e-18
8.424, -9.09488e-13
8.425, -9.09488e-13
8.426, 9.53772e-41
8.427, 9.09488e-13
8.428, -6.93889e-18
8.429, 9.09488e-13
8.43, 6.93889e-18
8.431, -9.09488e-13
8.432, -9.09488e-13
8.433, -7.78292e-41
8.434, 9.09488e-13
8.435, -6.93889e-18
8.436, 9.09488e-13
8.437, 6.93889e-18
8.438, -9.09488e-13
8.439, -9.09488e-13
8.44, -1.01635e-40
8.441, 9.09488e-13
8.442, -6.93889e-18
8.443, 9.09488e-13
8.444, 6.93889e-18
8.445, -9.09488e-13
8.446, -9.09488e-13
8.447, -9.81154e-41
8.448, 9.09488e-13
8.449, -6.93889e-18
8.45, 9.09488e-13
8.451, 6.93889e-18
8.452, -9.09488e-13
8.453, -9.09488e-13
8.454, 8.18208e-41
8.455, 9.09488e-13
8.456, -6.93889e-18
8.457, 9.09488e-13
8.458, 6.93889e-18
8.459, -9.09488e-13
8.46, -9.09488e-13
8.461, -9.36883e-41
8.462, 9.09488e-13
8.463, -6.93889e-18
8.464, 9.09488e-13
8.465, 6.93889e-18
8.466, -9.09488e-13
8.467, -9.09488e-13
8.468, -2.58684e-41
8.469, 9.09488e-13
8.47, -6.93889e-18
8.471, 9.09488e-13
8.472, 6.93889e-18
8.473, -9.09488e-13
8.474, -9.09488e-13
8.475, -7.63795e-41
8.476, 9.09488e-13
8.477, -6.93889e-18
8.478, 9.09488e-13
8.479, 6.93889e-18
8.48, -9.09488e-13
8.481, -9.09488e-13
8.482, -2.29415e-41
8.483, 9.09488e-13
8.484, -6.93889e-18
8.485, 9.09488e-13
8.486, 6.93889e-18
8.487, -9.09488e-13
8.488, -9.09488e-13
8.489, -6.99416e-41
8.49, 9.09488e-13
8.491, -6.93889e-18
8.492, 9.09488e-13
8.493, 6.93889e-18
8.494, -9.09488e-13
8.495, -9.09488e-13
8.496, 2.36812e-41
8.497, 9.09488e-13
8.498, -6.93889e-18
8.499, 9.09488e-13
8.5, 6.93889e-18
8.501, -9.09488e-13
8.502, -9.09488e-13
8.503, -4.93525e-41
8.504, 9.09488e-13
8.505, -6.93889e-18
8.506, 9.09488e-13
8.507, 6.93889e-18
8.508, -9.09488e-13
8.509, -9.09488e-13
8.51, -2.84679e-41
8.511, 9.09488e-13
8.512, -6.93889e-18
8.513, 9.09488e-13
8.514, 6.93889e-18
8.515, -9.09488e-13
8.516, -9.09488e-13
8.517, -1.08888e-40
8.518, 9.09488e-13
8.519, -6.93889e-18
8.52, 9.09488e-13
8.521, 6.93889e-18
8.522, -9.09488e-13
8.523, -9.09488e-13
8.524, -4.07336e-41
8.525, 9.09488e-13
8.526, -6.93889e-18
8.527, 9.09488e-13
8.528, 6.93889e-18
8.529, -9.09488e-13
8.53, -9.09488e-13
8.531, 1.54229e-41
8.532, 9.09488e-13
8.533, -6.93889e-18
8.534, 9.09488e-13
8.535, 6.93889e-18
8.536, -9.09488e-13
8.537, -9.09488e-13
8.538, -1.77805e-41
8.539, 9.09488e-13
8.54, -6.93889e-18
8.541, 9.09488e-13
8.542, 6.93889e-18
8.543, -9.09488e-13
8.544, -9.09488e-13
8.545, -7.57524e-41
8.546, 9.09488e-13
8.547, -6.93889e-18
8.548, 9.09488e-13
8.549, 6.93889e-18
8.55, -9.09488e-13
8.551, -9.09488e-13
8.552, -1.56701e-40
8.553, 9.09488e-13
8.554, -6.93889e-18
8.555, 9.09488e-13
8.556, 6.93889e-18
8.557, -9.09488e-13
8.558, -9.09488e-13
8.559, 1.54732e-40
8.56, 9.09488e-13
8.561, -6.93889e-18
8.562, 9.09488e-13
8.563, 6.93889e-18
8.564, -9.09488e-13
8.565, -9.09488e-13
8.566, -7.42522e-41
8.567, 9.09488e-13
8.568, -6.93889e-18
8.569, 9.09488e-13
8.57, 6.93889e-18
8.571, -9.09488e-13
8.572, -9.09488e-13
8.573, 9.05939e-41
8.574, 9.09488e-13
8.575, -6.93889e-18
8.576, 9.09488e-13
8.577, 6.93889e-18
8.578, -9.09488e-13
8.579, -9.09488e-13
8.58, 1.13885e-40
8.581, 9.09488e-13
8.582, -6.93889e-18
8.583, 9.09488e-13
8.584, 6.93889e-18
8.585, -9.09488e-13
8.586, -9.09488e-13
8.587, 1.39572e-40
8.588, 9.09488e-13
8.589, -6.93889e-18
8.59, 9.09488e-13
8.591, 6.93889e-18
8.592, -9.09488e-13
8.593, -9.09488e-13
8.594, 2.56164e-42
8.595, 9.09488e-13
8.596, -6.93889e-18
8.597, 9.09488e-13
8.598, 6.93889e-18
8.599, -9.09488e-13
8.6, -9.09488e-13
8.601, 2.41066e-40
8.602, 9.09488e-13
8.603, -6.93889e-18
8.604, 9.09488e-13
8.605, 6.93889e-18
8.606, -9.09488e-13
8.607, -9.09488e-13
8.608, -5.80623e-41
8.609, 9.09488e-13
8.61, -6.93889e-18
8.611, 9.09488e-13
8.612, 6.93889e-18
8.613, -9.09488e-13
8.614, -9.09488e-13
8.615, -5.23689e-41
8.616, 9.09488e-13
8.617, -6.93889e-18
8.618, 9.09488e-13
8.619, 6.93889e-18
8.62, -9.09488e-13
8.621, -9.09488e-13
8.622, -1.24016e-40
8.623, 9.09488e-13
8.624, -6.93889e-18
8.625, 9.09488e-13
8.626, 6.93889e-18
8.627, -9.09488e-13
8.628, -9.09488e-13
8.629, 6.97177e-41
8.63, 9.09488e-13
8.631, -6.93889e-18
8.632, 9.09488e-13
8.633, 6.93889e-18
8.634, -9.09488e-13
8.635, -9.09488e-13
8.636, 6.63167e-42
8.637, 9.09488e-13
8.638, -6.93889e-18
8.639, 9.09488e-13
8.64, 6.93889e-18
8.641, -9.09488e-13
8.642, -9.09488e-13
8.643, -3.12984e-41
8.644, 9.09488e-13
8.645, -6.93889e-18
8.646, 9.09488e-13
8.647, 6.93889e-18
8.648, -9.09488e-13
8.649, -9.09488e-13
8.65, -1.11715e-40
8.651, 9.09488e-13
8.652, -6.93889e-18
8.653, 9.09488e-13
8.654, 6.93889e-18
8.655, -9.09488e-13
8.656, -9.09488e-13
8.657, -3.44713e-41
8.658, 9.09488e-13
8.659, -6.93889e-18
8.66, 9.09488e-13
8.661, 6.93889e-18
8.662, -9.09488e-13
8.663, -9.09488e-13
8.664, -5.80885e-41
8.665, 9.09488e-13
8.666, -6.93889e-18
8.667, 9.09488e-13
8.668, 6.93889e-18
8.669, -9.09488e-13
8.67, -9.09488e-13
8.671, 2.68555e-41
8.672, 9.09488e-13
8.673, -6.93889e-18
8.674, 9.09488e-13
8.675, 6.93889e-18
8.676, -9.09488e-13
8.677, -9.09488e-13
8.678, -5.30027e-41
8.679, 9.09488e-13
8.68, -6.93889e-18
8.681, 9.09488e-13
8.682, 6.93889e-18
8.683, -9.09488e-13
8.684, -9.09488e-13
8.685, 2.7668e-41
8.686, 9.09488e-13
8.687, -6.93889e-18
8.688, 9.09488e-13
8.689, 6.93889e-18
8.69, -9.09488e-13
8.691, -9.09488e-13
8.692, 1.66862e-41
8.693, 9.09488e-13
8.694, -6.93889e-18
8.695, 9.09488e-13
8.696, 6.93889e-18
8.697, -9.09488e-13
8.698, -9.09488e-13
8.699, -2.09175e-40
8.7, 9.09488e-13
8.701, -6.93889e-18
8.702, 9.09488e-13
8.703, 6.93889e-18
8.704, -9.09488e-13
8.705, -9.09488e-13
8.706, 2.92297e-41
8.707, 9.09488e-13
8.708, -6.93889e-18
8.709, 9.09488e-13
8.71, 6.93889e-18
8.711, -9.09488e-13
8.712, -9.09488e-13
8.713, -1.54583e-41
8.714, 9.09488e-13
8.715, -6.93889e-18
8.716, 9.09488e-13
8.717, 6.93889e-18
8.718, -9.09488e-13
8.719, -9.09488e-13
8.72, -5.20907e-41
8.721, 9.09488e-13
8.722, -6.93889e-18
8.723, 9.09488e-13
8.724, 6.93889e-18
8.725, -9.09488e-13
8.726, -9.09488e-13
8.727, -1.02827e-41
8.728, 9.09488e-13
8.729, -6.93889e-18
8.73, 9.09488e-13
8.731, 6.93889e-18
8.732, -9.09488e-13
8.733, -9.09488e-13
8.734, -2.60487e-40
8.735, 9.09488e-13
8.736, -6.93889e-18
8.737, 9.09488e-13
8.738, 6.93889e-18
8.739, -9.09488e-13
8.74, -9.09488e-13
8.741, 4.79949e-41
8.742, 9.09488e-13
8.743, -6.93889e-18
8.744, 9.09488e-13
8.745, 6.93889e-18
8.746, -9.09488e-13
8.747, -9.09488e-13
8.748, 7.99009e-42
8.749, 9.09488e-13
8.75, -6.93889e-18
8.751, 9.09488e-13
8.752, 6.93889e-18
8.753, -9.09488e-13
8.754, -9.09488e-13
8.755, 1.77876e-41
8.756, 9.09488e-13
8.757, -6.93889e-18
8.758, 9.09488e-13
8.759, 6.93889e-18
8.76, -9.09488e-13
8.761, -9.09488e-13
8.762, 1.00931e-40
8.763, 9.09488e-13
8.764, -6.93889e-18
8.765, 9.09488e-13
8.766, 6.93889e-18
8.767, -9.09488e-13
8.768, -9.09488e-13
8.769, 6.03968e-41
8.77, 9.09488e-13
8.771, -6.93889e-18
8.772, 9.09488e-13
8.773, 6.93889e-18
8.774, -9.09488e-13
8.775, -9.09488e-13
8.776, -4.06153e-41
8.777, 9.09488e-13
8.778, -6.93889e-18
8.779, 9.09488e-13
8.78, 6.93889e-18
8.781, -9.09488e-13
8.782, -9.09488e-13
8.783, -1.59771e-40
8.784, 9.09488e-13
8.785, -6.93889e-18
8.786, 9.09488e-13
8.787, 6.93889e-18
8.788, -9.09488e-13
8.789, -9.09488e-13
8.79, -8.20935e-41
8.791, 9.09488e-13
8.792, -6.93889e-18
8.793, 9.09488e-13
8.794, 6.93889e-18
8.795, -9.09488e-13
8.796, -9.09488e-13
8.797, 3.58455e-41
8.798, 9.09488e-13
8.799, -6.93889e-18
8.8, 9.09488e-13
8.801, 6.93889e-18
8.802, -9.09488e-13
8.803, -9.09488e-13
8.804, -5.0232e-41
8.805, 9.09488e-13
8.806, -6.93889e-18
8.807, 9.09488e-13
8.808, 6.93889e-18
8.809, -9.09488e-13
8.81, -9.09488e-13
8.811, -8.06962e-41
8.812, 9.09488e-13
8.813, -6.93889e-18
8.814, 9.09488e-13
8.815, 6.93889e-18
8.816, -9.09488e-13
8.817, -9.09488e-13
8.818, -9.32754e-41
8.819, 9.09488e-13
8.82, -6.93889e-18
8.821, 9.09488e-13
8.822, 6.93889e-18
8.823, -9.09488e-13
8.824, -9.09488e-13
8.825, 3.12965e-41
8.826, 9.09488e-13
8.827, -6.93889e-18
8.828, 9.09488e-13
8.829, 6.93889e-18
8.83, -9.09488e-13
8.831, -9.09488e-13
8.832, -2.52807e-40
8.833, 9.09488e-13
8.834, -6.93889e-18
8.835, 9.09488e-13
8.836, 6.93889e-18
8.837, -9.09488e-13
8.838, -9.09488e-13
8.839, 2.53238e-41
8.84, 9.09488e-13
8.841, -6.93889e-18
8.842, 9.09488e-13
8.843, 6.93889e-18
8.844, -9.09488e-13
8.845, -9.09488e-13
8.846, -8.32533e-41
8.847, 9.09488e-13
8.848, -6.93889e-18
8.849, 9.09488e-13
8.85, 6.93889e-18
8.851, -9.09488e-13
8.852, -9.09488e-13
8.853, -5.42017e-41
8.854, 9.09488e-13
8.855, -6.93889e-18
8.856, 9.09488e-13
8.857, 6.93889e-18
8.858, -9.09488e-13
8.859, -9.09488e-13
8.86, -2.96758e-41
8.861, 9.09488e-13
8.862, -6.93889e-18
8.863, 9.09488e-13
8.864, 6.93889e-18
8.865, -9.09488e-13
8.866, -9.09488e-13
8.867, -6.42233e-42
8.868, 9.09488e-13
8.869, -6.93889e-18
8.87, 9.09488e-13
8.871, 6.93889e-18
8.872, -9.09488e-13
8.873, -9.09488e-13
8.874, 1.12008e-40
8.875, 9.09488e-13
8.876, -6.93889e-18
8.877, 9.09488e-13
8.878, 6.93889e-18
8.879, -9.09488e-13
8.88, -9.09488e-13
8.881, -1.17229e-40
8.882, 9.09488e-13
8.883, -6.93889e-18
8.884, 9.09488e-13
8.885, 6.93889e-18
8.886, -9.09488e-13
8.887, -9.09488e-13
8.888, -1.63618e-41
8.889, 9.09488e-13
8.89, -6.93889e-18
8.891, 9.09488e-13
8.892, 6.93889e-18
8.893, -9.09488e-13
8.894, -9.09488e-13
8.895, 4.30444e-41
8.896, 9.09488e-13
8.897, -6.93889e-18
8.898, 9.09488e-13
8.899, 6.93889e-18
8.9, -9.09488e-13
8.901, -9.09488e-13
8.902, 1.6463e-40
8.903, 9.09488e-13
8.904, -6.93889e-18
8.905, 9.09488e-13
8.906, 6.93889e-18
8.907, -9.09488e-13
8.908, -9.09488e-13
8.909, 7.55411e-41
8.91, 9.09488e-13
8.911, -6.93889e-18
8.912, 9.09488e-13
8.913, 6.93889e-18
8.914, -9.09488e-13
8.915, -9.09488e-13
8.916, 1.00967e-41
8.917, 9.09488e-13
8.918, -6.93889e-18
8.919, 9.09488e-13
8.92, 6.93889e-18
8.921, -9.09488e-13
8.922, -9.09488e-13
8.923, -8.89825e-41
8.924, 9.09488e-13
8.925, -6.93889e-18
8.926, 9.09488e-13
8.927, 6.93889e-18
8.928, -9.09488e-13
8.929, -9.09488e-13
8.93, -1.80118e-40
8.931, 9.09488e-13
8.932, -6.93889e-18
8.933, 9.09488e-13
8.934, 6.93889e-18
8.935, -9.09488e-13
8.936, -9.09488e-13
8.937, 3.23815e-41
8.938, 9.09488e-13
8.939, -6.93889e-18
8.94, 9.09488e-13
8.941, 6.93889e-18
8.942, -9.09488e-13
8.943, -9.09488e-13
8.944, 1.56647e-40
8.945, 9.09488e-13
8.946, -6.93889e-18
8.947, 9.09488e-13
8.948, 6.93889e-18
8.949, -9.09488e-13
8.95, -9.09488e-13
8.951, 3.43355e-42
8.952, 9.09488e-13
8.953, -6.93889e-18
8.954, 9.09488e-13
8.955, 6.93889e-18
8.956, -9.09488e-13
8.957, -9.09488e-13
8.958, 1.61724e-40
8.959, 9.09488e-13
8.96, -6.93889e-18
8.961, 9.09488e-13
8.962, 6.93889e-18
8.963, -9.09488e-13
8.964, -9.09488e-13
8.965, 6.97985e-41
8.966, 9.09488e-13
8.967, -6.93889e-18
8.968, 9.09488e-13
8.969, 6.93889e-18
8.97, -9.09488e-13
8.971, -9.09488e-13
8.972, -1.45962e-40
8.973, 9.09488e-13
8.974, -6.93889e-18
8.975, 9.09488e-13
8.976, 6.93889e-18
8.977, -9.09488e-13
8.978, -9.09488e-13
8.979, -2.86004e-40
8.98, 9.09488e-13
8.981, -6.93889e-18
8.982, 9.09488e-13
8.983, 6.93889e-18
8.984, -9.09488e-13
8.985, -9.09488e-13
8.986, 6.3632e-41
8.987, 9.09488e-13
8.988, -6.93889e-18
8.989, 9.09488e-13
8.99, 6.93889e-18
8.991, -9.09488e-13
8.992, -9.09488e-13
8.993, 6.68232e-41
8.994, 9.09488e-13
8.995, -6.93889e-18
8.996, 9.09488e-13
8.997, 6.93889e-18
8.998, -9.09488e-13
8.999, -9.09488e-13
9, 1.00767e-40
9.001, 9.09488e-13
9.002, -6.93889e-18
9.003, 9.09488e-13
9.004, 6.93889e-18
9.005, -9.09488e-13
9.006, -9.09488e-13
9.007, -1.10195e-40
9.008, 9.09488e-13
9.009, -6.93889e-18
9.01, 9.09488e-13
9.011, 6.93889e-18
9.012, -9.09488e-13
9.013, -9.09488e-13
9.014, 1.90827e-41
9.015, 9.09488e-13
9.016, -6.93889e-18
9.017, 9.09488e-13
9.018, 6.93889e-18
9.019, -9.09488e-13
9.02, -9.09488e-13
9.021, -2.45985e-41
9.022, 9.09488e-13
9.023, -6.93889e-18
9.024, 9.09488e-13
9.025, 6.93889e-18
9.026, -9.09488e-13
9.027, -9.09488e-13
9.028, 7.08322e-41
9.029, 9.09488e-13
9.03, -6.93889e-18
9.031, 9.09488e-13
9.032, 6.93889e-18
9.033, -9.09488e-13
9.034, -9.09488e-13
9.035, -4.82568e-41
9.036, 9.09488e-13
9.037, -6.93889e-18
9.038, 9.09488e-13
9.039, 6.93889e-18
9.04, -9.09488e-13
9.041, -9.09488e-13
9.042, -6.47191e-41
9.043, 9.09488e-13
9.044, -6.93889e-18
9.045, 9.09488e-13
9.046, 6.93889e-18
9.047, -9.09488e-13
9.048, -9.09488e-13
9.049, 1.02251e-40
9.05, 9.09488e-13
9.051, -6.93889e-18
9.052, 9.09488e-13
9.053, 6.93889e-18
9.054, -9.09488e-13
9.055, -9.09488e-13
9.056, -1.36677e-40
9.057, 9.09488e-13
9.058, -6.93889e-18
9.059, 9.09488e-13
9.06, 6.93889e-18
9.061, -9.09488e-13
9.062, -9.09488e-13
9.063, -3.96091e-41
9.064, 9.09488e-13
9.065, -6.93889e-18
9.066, 9.09488e-13
9.067, 6.93889e-18
9.068, -9.09488e-13
9.069, -9.09488e-13
9.07, -9.66264e-41
9.071, 9.09488e-13
9.072, -6.93889e-18
9.073, 9.09488e-13
9.074, 6.93889e-18
9.075, -9.09488e-13
9.076, -9.09488e-13
9.077, -4.40602e-41
9.078, 9.09488e-13
9.079, -6.93889e-18
9.08, 9.09488e-13
9.081, 6.93889e-18
9.082, -9.09488e-13
9.083, -9.09488e-13
9.084, 3.49313e-41
9.085, 9.09488e-13
9.086, -6.93889e-18
9.087, 9.09488e-13
9.088, 6.93889e-18
9.089, -9.09488e-13
9.09, -9.09488e-13
9.091, -1.16912e-41
9.092, 9.09488e-13
9.093, -6.93889e-18
9.094, 9.09488e-13
9.095, 6.93889e-18
9.096, -9.09488e-13
9.097, -9.09488e-13
9.098, -1.12756e-40
9.099, 9.09488e-13
9.1, -6.93889e-18
9.101, 9.09488e-13
9.102, 6.93889e-18
9.103, -9.09488e-13
9.104, -9.09488e-13
9.105, -3.12685e-41
9.106, 9.09488e-13
9.107, -6.93889e-18
9.108, 9.09488e-13
9.109, 6.93889e-18
9.11, -9.09488e-13
9.111, -9.09488e-13
9.112, -1.08121e-40
9.113, 9.09488e-13
9.114, -6.93889e-18
9.115, 9.09488e-13
9.116, 6.93889e-18
9.117, -9.09488e-13
9.118, -9.09488e-13
9.119, 1.08996e-41
9.12, 9.09488e-13
9.121, -6.93889e-18
9.122, 9.09488e-13
9.123, 6.93889e-18
9.124, -9.09488e-13
9.125, -9.09488e-13
9.126, 4.60368e-42
9.127, 9.09488e-13
9.128, -6.93889e-18
9.129, 9.09488e-13
9.13, 6.93889e-18
9.131, -9.09488e-13
9.132, -9.09488e-13
9.133, -3.05241e-41
9.134, 9.09488e-13
9.135, -6.93889e-18
9.136, 9.09488e-13
9.137, 6.93889e-18
9.138, -9.09488e-13
9.139, -9.09488e-13
9.14, 4.34307e-41
9.141, 9.09488e-13
9.142, -6.93889e-18
9.143, 9.09488e-13
9.144, 6.93889e-18
9.145, -9.09488e-13
9.146, -9.09488e-13
9.147, -8.28504e-43
9.148, 9.09488e-13
9.149, -6.93889e-18
9.15, 9.09488e-13
9.151, 6.93889e-18
9.152, -9.09488e-13
9.153, -9.09488e-13
9.154, 1.35756e-40
9.155, 9.09488e-13
9.156, -6.93889e-18
9.157, 9.09488e-13
9.158, 6.93889e-18
9.159, -9.09488e-13
9.16, -9.09488e-13
9.161, -1.8303e-41
9.162, 9.09488e-13
9.163, -6.93889e-18
9.164, 9.09488e-13
9.165, 6.93889e-18
9.166, -9.09488e-13
9.167, -9.09488e-13
9.168, -1.20367e-41
9.169, 9.09488e-13
9.17, -6.93889e-18
9.171, 9.09488e-13
9.172, 6.93889e-18
9.173, -9.09488e-13
9.174, -9.09488e-13
9.175, -6.70012e-41
9.176, 9.09488e-13
9.177, -6.93889e-18
9.178, 9.09488e-13
9.179, 6.93889e-18
9.18, -9.09488e-13
9.181, -9.09488e-13
9.182, -5.16071e-41
9.183, 9.09488e-13
9.184, -6.93889e-18
9.185, 9.09488e-13
9.186, 6.93889e-18
9.187, -9.09488e-13
9.188, -9.09488e-13
9.189, 1.67298e-41
9.19, 9.09488e-13
9.191, -6.93889e-18
9.192, 9.09488e-13
9.193, 6.93889e-18
9.194, -9.09488e-13
9.195, -9.09488e-13
9.196, -1.581e-40
9.197, 9.09488e-13
9.198, -6.93889e-18
9.199, 9.09488e-13
9.2, 6.93889e-18
9.201, -9.09488e-13
9.202, -9.09488e-13
9.203, -9.90807e-41
9.204, 9.09488e-13
9.205, -6.93889e-18
9.206, 9.09488e-13
9.207, 6.93889e-18
9.208, -9.09488e-13
9.209, -9.09488e-13
9.21, -8.86215e-41
9.211, 9.09488e-13
9.212, -6.93889e-18
9.213, 9.09488e-13
9.214, 6.93889e-18
9.215, -9.09488e-13
9.216, -9.09488e-13
9.217, 3.21595e-41
9.218, 9.09488e-13
9.219, -6.93889e-18
9.22, 9.09488e-13
9.221, 6.93889e-18
9.222, -9.09488e-13
9.223, -9.09488e-13
9.224, 4.16599e-41
9.225, 9.09488e-13
9.226, -6.93889e-18
9.227, 9.09488e-13
9.228, 6.93889e-18
9.229, -9.09488e-13
9.23, -9.09488e-13
9.231, 9.28036e-41
9.232, 9.09488e-13
9.233, -6.93889e-18
9.234, 9.09488e-13
9.235, 6.93889e-18
9.236, -9.09488e-13
9.237, -9.09488e-13
9.238, -8.16832e-41
9.239, 9.09488e-13
9.24, -6.93889e-18
9.241, 9.09488e-13
9.242, 6.93889e-18
9.243, -9.09488e-13
9.244, -9.09488e-13
9.245, 3.69663e-41
9.246, 9.09488e-13
9.247, -6.93889e-18
9.248, 9.09488e-13
9.249, 6.93889e-18
9.25, -9.09488e-13
9.251, -9.09488e-13
9.252, -5.26813e-41
9.253, 9.09488e-13
9.254, -6.93889e-18
9.255, 9.09488e-13
9.256, 6.93889e-18
9.257, -9.09488e-13
9.258, -9.09488e-13
9.259, -1.19393e-41
9.26, 9.09488e-13
9.261, -6.93889e-18
9.262, 9.09488e-13
9.263, 6.93889e-18
9.264, -9.09488e-13
9.265, -9.09488e-13
9.266, -9.4372e-41
9.267, 9.09488e-13
9.268, -6.93889e-18
9.269, 9.09488e-13
9.27, 6.93889e-18
9.271, -9.09488e-13
9.272, -9.09488e-13
9.273, -1.19457e-40
9.274, 9.09488e-13
9.275, -6.93889e-18
9.276, 9.09488e-13
9.277, 6.93889e-18
9.278, -9.09488e-13
9.279, -9.09488e-13
9.28, -4.50752e-41
9.281, 9.09488e-13
9.282, -6.93889e-18
9.283, 9.09488e-13
9.284, 6.93889e-18
9.285, -9.09488e-13
9.286, -9.09488e-13
9.287, -1.67683e-41
9.288, 9.09488e-13
9.289, -6.93889e-18
9.29, 9.09488e-13
9.291, 6.93889e-18
9.292, -9.09488e-13
9.293, -9.09488e-13
9.294, 1.52786e-40
9.295, 9.09488e-13
9.296, -6.93889e-18
9.297, 9.09488e-13
9.298, 6.93889e-18
9.299, -9.09488e-13
9.3, -9.09488e-13
9.301, -1.02841e-41
9.302, 9.09488e-13
9.303, -6.93889e-18
9.304, 9.09488e-13
9.305, 6.93889e-18
9.306, -9.09488e-13
9.307, -9.09488e-13
9.308, 3.66489e-41
9.309, 9.09488e-13
9.31, -6.93889e-18
9.311, 9.09488e-13
9.312, 6.93889e-18
9.313, -9.09488e-13
9.314, -9.09488e-13
9.315, 8.57417e-41
9.316, 9.09488e-13
9.317, -6.93889e-18
9.318, 9.09488e-13
9.319, 6.93889e-18
9.32, -9.09488e-13
9.321, -9.09488e-13
9.322, -1.06724e-40
9.323, 9.09488e-13
9.324, -6.93889e-18
9.325, 9.09488e-13
9.326, 6.93889e-18
9.327, -9.09488e-13
9.328, -9.09488e-13
9.329, -6.04817e-41
9.33, 9.09488e-13
9.331, -6.93889e-18
9.332, 9.09488e-13
9.333, 6.93889e-18
9.334, -9.09488e-13
9.335, -9.09488e-13
9.336, -1.58526e-40
9.337, 9.09488e-13
9.338, -6.93889e-18
9.339, 9.09488e-13
9.34, 6.93889e-18
9.341, -9.09488e-13
9.342, -9.09488e-13
9.343, -6.90418e-41
9.344, 9.09488e-13
9.345, -6.93889e-18
9.346, 9.09488e-13
9.347, 6.93889e-18
9.348, -9.09488e-13
9.349, -9.09488e-13
9.35, -1.93564e-40
9.351, 9.09488e-13
9.352, -6.93889e-18
9.353, 9.09488e-13
9.354, 6.93889e-18
9.355, -9.09488e-13
9.356, -9.09488e-13
9.357, -1.32664e-41
9.358, 9.09488e-13
9.359, -6.93889e-18
9.36, 9.09488e-13
9.361, 6.93889e-18
9.362, -9.09488e-13
9.363, -9.09488e-13
9.364, -3.66463e-41
9.365, 9.09488e-13
9.366, -6.93889e-18
9.367, 9.09488e-13
9.368, 6.93889e-18
9.369, -9.09488e-13
9.37, -9.09488e-13
9.371, 1.9243e-41
9.372, 9.09488e-13
9.373, -6.93889e-18
9.374, 9.09488e-13
9.375, 6.93889e-18
9.376, -9.09488e-13
9.377, -9.09488e-13
9.378, -3.683e-41
9.379, 9.09488e-13
9.38, -6.93889e-18
9.381, 9.09488e-13
9.382, 6.93889e-18
9.383, -9.09488e-13
9.384, -9.09488e-13
9.385, 6.61565e-41
9.386, 9.09488e-13
9.387, -6.93889e-18
9.388, 9.09488e-13
9.389, 6.93889e-18
9.39, -9.09488e-13
9.391, -9.09488e-13
9.392, 1.47164e-41
9.393, 9.09488e-13
9.394, -6.93889e-18
9.395, 9.09488e-13
9.396, 6.93889e-18
9.397, -9.09488e-13
9.398, -9.09488e-13
9.399, -7.21486e-41
9.4, 9.09488e-13
9.401, -6.93889e-18
9.402, 9.09488e-13
9.403, 6.93889e-18
9.404, -9.09488e-13
9.405, -9.09488e-13
9.406, 2.78843e-41
9.407, 9.09488e-13
9.408, -6.93889e-18
9.409, 9.09488e-13
9.41, 6.93889e-18
9.411, -9.09488e-13
9.412, -9.09488e-13
9.413, 2.20601e-40
9.414, 9.09488e-13
9.415, -6.93889e-18
9.416, 9.09488e-13
9.417, 6.93889e-18
9.418, -9.09488e-13
9.419, -9.09488e-13
9.42, -1.3267e-40
9.421, 9.09488e-13
9.422, -6.93889e-18
9.423, 9.09488e-13
9.424, 6.93889e-18
9.425, -9.09488e-13
9.426, -9.09488e-13
9.427, -1.66098e-41
9.428, 9.09488e-13
9.429, -6.93889e-18
9.43, 9.09488e-13
9.431, 6.93889e-18
9.432, -9.09488e-13
9.433, -9.09488e-13
9.434, -3.39543e-41
9.435, 9.09488e-13
9.436, -6.93889e-18
9.437, 9.09488e-13
9.438, 6.93889e-18
9.439, -9.09488e-13
9.44, -9.09488e-13
9.441, -7.49975e-42
9.442, 9.09488e-13
9.443, -6.93889e-18
9.444, 9.09488e-13
9.445, 6.93889e-18
9.446, -9.09488e-13
9.447, -9.09488e-13
9.448, -8.91262e-41
9.449, 9.09488e-13
9.45, -6.93889e-18
9.451, 9.09488e-13
9.452, 6.93889e-18
9.453, -9.09488e-13
9.454, -9.09488e-13
9.455, -2.64838e-41
9.456, 9.09488e-13
9.457, -6.93889e-18
9.458, 9.09488e-13
9.459, 6.93889e-18
9.46, -9.09488e-13
9.461, -9.09488e-13
9.462, 1.90905e-41
9.463, 9.09488e-13
9.464, -6.93889e-18
9.465, 9.09488e-13
9.466, 6.93889e-18
9.467, -9.09488e-13
9.468, -9.09488e-13
9.469, -6.83656e-41
9.47, 9.09488e-13
9.471, -6.93889e-18
9.472, 9.09488e-13
9.473, 6.93889e-18
9.474, -9.09488e-13
9.475, -9.09488e-13
9.476, -9.96301e-41
9.477, 9.09488e-13
9.478, -6.93889e-18
9.479, 9.09488e-13
9.48, 6.93889e-18
9.481, -9.09488e-13
9.482, -9.09488e-13
9.483, 3.27996e-42
9.484, 9.09488e-13
9.485, -6.93889e-18
9.486, 9.09488e-13
9.487, 6.93889e-18
9.488, -9.09488e-13
9.489, -9.09488e-13
9.49, -7.86082e-41
9.491, 9.09488e-13
9.492, -6.93889e-18
9.493, 9.09488e-13
9.494, 6.93889e-18
9.495, -9.09488e-13
9.496, -9.09488e-13
9.497, -2.80225e-41
9.498, 9.09488e-13
9.499, -6.93889e-18
9.5, 9.09488e-13
9.501, 6.93889e-18
9.502, -9.09488e-13
9.503, -9.09488e-13
9.504, -8.35012e-41
9.505, 9.09488e-13
9.506, -6.93889e-18
9.507, 9.09488e-13
9.508, 6.93889e-18
9.509, -9.09488e-13
9.51, -9.09488e-13
9.511, 5.77923e-41
9.512, 9.09488e-13
9.513, -6.93889e-18
9.514, 9.09488e-13
9.515, 6.93889e-18
9.516, -9.09488e-13
9.517, -9.09488e-13
9.518, 1.97147e-40
9.519, 9.09488e-13
9.52, -6.93889e-18
9.521, 9.09488e-13
9.522, 6.93889e-18
9.523, -9.09488e-13
9.524, -9.09488e-13
9.525, -2.48943e-41
9.526, 9.09488e-13
9.527, -6.93889e-18
9.528, 9.09488e-13
9.529, 6.93889e-18
9.53, -9.09488e-13
9.531, -9.09488e-13
9.532, -2.95007e-41
9.533, 9.09488e-13
9.534, -6.93889e-18
9.535, 9.09488e-13
9.536, 6.93889e-18
9.537, -9.09488e-13
9.538, -9.09488e-13
