sim_time, one_dynamixel_simulation/joint1?0/position
2.531, 0.0053189
2.532, 0.0053189
2.533, 0.0053189
2.534, 0.0053189
2.535, 0.0053189
2.536, 0.0053189
2.537, 0.0053189
2.538, 0.0053189
2.539, 0.0053189
2.54, 0.0053189
2.541, 0.0053189
2.542, 0.0053189
2.543, 0.0053189
2.544, 0.0053189
2.545, 0.0053189
2.546, 0.0053189
2.547, 0.0053189
2.548, 0.0053189
2.549, 0.0053189
2.55, 0.0053189
2.551, 0.0053189
2.552, 0.0053189
2.553, 0.0053189
2.554, 0.0053189
2.555, 0.0053189
2.556, 0.0053189
2.557, 0.0053189
2.558, 0.0053189
2.559, 0.0053189
2.56, 0.0053189
2.561, 0.0053189
2.562, 0.0053189
2.563, 0.0053189
2.564, 0.0053189
2.565, 0.0053189
2.566, 0.0053189
2.567, 0.0053189
2.568, 0.0053189
2.569, 0.0053189
2.57, 0.0053189
2.571, 0.0053189
2.572, 0.0053189
2.573, 0.0053189
2.574, 0.0053189
2.575, 0.0053189
2.576, 0.0053189
2.577, 0.0053189
2.578, 0.0053189
2.579, 0.0053189
2.58, 0.0053189
2.581, 0.0053189
2.582, 0.0053189
2.583, 0.0053189
2.584, 0.0053189
2.585, 0.0053189
2.586, 0.0053189
2.587, 0.0053189
2.588, 0.0053189
2.589, 0.0053189
2.59, 0.0053189
2.591, 0.0053189
2.592, 0.0053189
2.593, 0.0053189
2.594, 0.0053189
2.595, 0.0053189
2.596, 0.0053189
2.597, 0.0053189
2.598, 0.0053189
2.599, 0.0053189
2.6, 0.0053189
2.601, 0.0053189
2.602, 0.0053189
2.603, 0.0053189
2.604, 0.0053189
2.605, 0.0053189
2.606, 0.0053189
2.607, 0.0053189
2.608, 0.0053189
2.609, 0.0053189
2.61, 0.0053189
2.611, 0.0053189
2.612, 0.0053189
2.613, 0.0053189
2.614, 0.0053189
2.615, 0.0053189
2.616, 0.0053189
2.617, 0.0053189
2.618, 0.0053189
2.619, 0.0053189
2.62, 0.0053189
2.621, 0.0053189
2.622, 0.0053189
2.623, 0.0053189
2.624, 0.0053189
2.625, 0.0053189
2.626, 0.0053189
2.627, 0.0053189
2.628, 0.0053189
2.629, 0.0053189
2.63, 0.0053189
2.631, 0.0053189
2.632, 0.0053189
2.633, 0.0053189
2.634, 0.0053189
2.635, 0.0053189
2.636, 0.0053189
2.637, 0.0053189
2.638, 0.0053189
2.639, 0.0053189
2.64, 0.0053189
2.641, 0.0053189
2.642, 0.0053189
2.643, 0.0053189
2.644, 0.0053189
2.645, 0.0053189
2.646, 0.0053189
2.647, 0.0053189
2.648, 0.0053189
2.649, 0.0053189
2.65, 0.0053189
2.651, 0.0053189
2.652, 0.0053189
2.653, 0.0053189
2.654, 0.0053189
2.655, 0.0053189
2.656, 0.0053189
2.657, 0.0053189
2.658, 0.0053189
2.659, 0.0053189
2.66, 0.0053189
2.661, 0.0053189
2.662, 0.0053189
2.663, 0.0053189
2.664, 0.0053189
2.665, 0.0053189
2.666, 0.0053189
2.667, 0.0053189
2.668, 0.0053189
2.669, 0.0053189
2.67, 0.0053189
2.671, 0.0053189
2.672, 0.0053189
2.673, 0.0053189
2.674, 0.0053189
2.675, 0.0053189
2.676, 0.0053189
2.677, 0.0053189
2.678, 0.0053189
2.679, 0.0053189
2.68, 0.0053189
2.681, 0.0053189
2.682, 0.0053189
2.683, 0.0053189
2.684, 0.0053189
2.685, 0.0053189
2.686, 0.0053189
2.687, 0.0053189
2.688, 0.0053189
2.689, 0.0053189
2.69, 0.0053189
2.691, 0.0053189
2.692, 0.0053189
2.693, 0.0053189
2.694, 0.0053189
2.695, 0.0053189
2.696, 0.0053189
2.697, 0.0053189
2.698, 0.0053189
2.699, 0.0053189
2.7, 0.0053189
2.701, 0.0053189
2.702, 0.0053189
2.703, 0.0053189
2.704, 0.0053189
2.705, 0.0053189
2.706, 0.0053189
2.707, 0.0053189
2.708, 0.0053189
2.709, 0.0053189
2.71, 0.0053189
2.711, 0.0053189
2.712, 0.0053189
2.713, 0.0053189
2.714, 0.0053189
2.715, 0.0053189
2.716, 0.0053189
2.717, 0.0053189
2.718, 0.0053189
2.719, 0.0053189
2.72, 0.0053189
2.721, 0.0053189
2.722, 0.0053189
2.723, 0.0053189
2.724, 0.0053189
2.725, 0.0053189
2.726, 0.0053189
2.727, 0.0053189
2.728, 0.0053189
2.729, 0.0053189
2.73, 0.0053189
2.731, 0.0053189
2.732, 0.0053189
2.733, 0.0053189
2.734, 0.0053189
2.735, 0.0053189
2.736, 0.0053189
2.737, 0.0053189
2.738, 0.0053189
2.739, 0.0053189
2.74, 0.0053189
2.741, 0.0053189
2.742, 0.0053189
2.743, 0.0053189
2.744, 0.0053189
2.745, 0.0053189
2.746, 0.0053189
2.747, 0.0053189
2.748, 0.0053189
2.749, 0.0053189
2.75, 0.0053189
2.751, 0.0053189
2.752, 0.0053189
2.753, 0.0053189
2.754, 0.0053189
2.755, 0.0053189
2.756, 0.0053189
2.757, 0.0053189
2.758, 0.0053189
2.759, 0.0053189
2.76, 0.0053189
2.761, 0.0053189
2.762, 0.0053189
2.763, 0.0053189
2.764, 0.0053189
2.765, 0.0053189
2.766, 0.0053189
2.767, 0.0053189
2.768, 0.0053189
2.769, 0.0053189
2.77, 0.0053189
2.771, 0.0053189
2.772, 0.0053189
2.773, 0.0053189
2.774, 0.0053189
2.775, 0.0053189
2.776, 0.0053189
2.777, 0.0053189
2.778, 0.0053189
2.779, 0.0053189
2.78, 0.0053189
2.781, 0.0053189
2.782, 0.0053189
2.783, 0.0053189
2.784, 0.0053189
2.785, 0.0053189
2.786, 0.0053189
2.787, 0.0053189
2.788, 0.0053189
2.789, 0.0053189
2.79, 0.0053189
2.791, 0.0053189
2.792, 0.0053189
2.793, 0.0053189
2.794, 0.0053189
2.795, 0.0053189
2.796, 0.0053189
2.797, 0.0053189
2.798, 0.0053189
2.799, 0.0053189
2.8, 0.0053189
2.801, 0.0053189
2.802, 0.0053189
2.803, 0.0053189
2.804, 0.0053189
2.805, 0.0053189
2.806, 0.0053189
2.807, 0.0053189
2.808, 0.0053189
2.809, 0.0053189
2.81, 0.0053189
2.811, 0.0053189
2.812, 0.0053189
2.813, 0.0053189
2.814, 0.0053189
2.815, 0.0053189
2.816, 0.0053189
2.817, 0.0053189
2.818, 0.0053189
2.819, 0.0053189
2.82, 0.0053189
2.821, 0.0053189
2.822, 0.0053189
2.823, 0.0053189
2.824, 0.0053189
2.825, 0.0053189
2.826, 0.0053189
2.827, 0.0053189
2.828, 0.0053189
2.829, 0.0053189
2.83, 0.0053189
2.831, 0.0053189
2.832, 0.0053189
2.833, 0.0053189
2.834, 0.0053189
2.835, 0.0053189
2.836, 0.0053189
2.837, 0.0053189
2.838, 0.0053189
2.839, 0.0053189
2.84, 0.0053189
2.841, 0.0053189
2.842, 0.0053189
2.843, 0.0053189
2.844, 0.0053189
2.845, 0.0053189
2.846, 0.0053189
2.847, 0.0053189
2.848, 0.0053189
2.849, 0.0053189
2.85, 0.0053189
2.851, 0.0053189
2.852, 0.0053189
2.853, 0.0053189
2.854, 0.0053189
2.855, 0.0053189
2.856, 0.0053189
2.857, 0.0053189
2.858, 0.0053189
2.859, 0.0053189
2.86, 0.0053189
2.861, 0.0053189
2.862, 0.0053189
2.863, 0.0053189
2.864, 0.0053189
2.865, 0.0053189
2.866, 0.0053189
2.867, 0.0053189
2.868, 0.0053189
2.869, 0.0053189
2.87, 0.0053189
2.871, 0.0053189
2.872, 0.0053189
2.873, 0.0053189
2.874, 0.0053189
2.875, 0.0053189
2.876, 0.0053189
2.877, 0.0053189
2.878, 0.0053189
2.879, 0.0053189
2.88, 0.0053189
2.881, 0.0053189
2.882, 0.0053189
2.883, 0.0053189
2.884, 0.0053189
2.885, 0.0053189
2.886, 0.0053189
2.887, 0.0053189
2.888, 0.0053189
2.889, 0.0053189
2.89, 0.0053189
2.891, 0.0053189
2.892, 0.0053189
2.893, 0.0053189
2.894, 0.0053189
2.895, 0.0053189
2.896, 0.0053189
2.897, 0.0053189
2.898, 0.0053189
2.899, 0.0053189
2.9, 0.0053189
2.901, 0.0053189
2.902, 0.0053189
2.903, 0.0053189
2.904, 0.0053189
2.905, 0.0053189
2.906, 0.0053189
2.907, 0.0053189
2.908, 0.0053189
2.909, 0.0053189
2.91, 0.0053189
2.911, 0.0053189
2.912, 0.0053189
2.913, 0.0053189
2.914, 0.0053189
2.915, 0.0053189
2.916, 0.0053189
2.917, 0.0053189
2.918, 0.0053189
2.919, 0.0053189
2.92, 0.0053189
2.921, 0.0053189
2.922, 0.0053189
2.923, 0.0053189
2.924, 0.0053189
2.925, 0.0053189
2.926, 0.0053189
2.927, 0.0053189
2.928, 0.0053189
2.929, 0.0053189
2.93, 0.0053189
2.931, 0.0053189
2.932, 0.0053189
2.933, 0.0053189
2.934, 0.0053189
2.935, 0.0053189
2.936, 0.0053189
2.937, 0.0053189
2.938, 0.0053189
2.939, 0.0053189
2.94, 0.0053189
2.941, 0.0053189
2.942, 0.0053189
2.943, 0.0053189
2.944, 0.0053189
2.945, 0.0053189
2.946, 0.0053189
2.947, 0.0053189
2.948, 0.0053189
2.949, 0.0053189
2.95, 0.0053189
2.951, 0.0053189
2.952, 0.0053189
2.953, 0.0053189
2.954, 0.0053189
2.955, 0.0053189
2.956, 0.0053189
2.957, 0.0053189
2.958, 0.0053189
2.959, 0.0053189
2.96, 0.0053189
2.961, 0.0053189
2.962, 0.0053189
2.963, 0.0053189
2.964, 0.0053189
2.965, 0.0053189
2.966, 0.0053189
2.967, 0.0053189
2.968, 0.0053189
2.969, 0.0053189
2.97, 0.0053189
2.971, 0.0053189
2.972, 0.0053189
2.973, 0.0053189
2.974, 0.0053189
2.975, 0.0053189
2.976, 0.0053189
2.977, 0.0053189
2.978, 0.0053189
2.979, 0.0053189
2.98, 0.0053189
2.981, 0.0053189
2.982, 0.0053189
2.983, 0.0053189
2.984, 0.0053189
2.985, 0.0053189
2.986, 0.0053189
2.987, 0.0053189
2.988, 0.0053189
2.989, 0.0053189
2.99, 0.0053189
2.991, 0.0053189
2.992, 0.0053189
2.993, 0.0053189
2.994, 0.0053189
2.995, 0.0053189
2.996, 0.0053189
2.997, 0.0053189
2.998, 0.0053189
2.999, 0.0053189
3, 0.0053189
3.001, 0.0053189
3.002, 0.0053189
3.003, 0.0053189
3.004, 0.0053189
3.005, 0.0053189
3.006, 0.0053189
3.007, 0.0053189
3.008, 0.0053189
3.009, 0.0053189
3.01, 0.0053189
3.011, 0.0053189
3.012, 0.0053189
3.013, 0.0053189
3.014, 0.0053189
3.015, 0.0053189
3.016, 0.0053189
3.017, 0.0053189
3.018, 0.0053189
3.019, 0.0053189
3.02, 0.0053189
3.021, 0.0053189
3.022, 0.0053189
3.023, 0.0053189
3.024, 0.0053189
3.025, 0.0053189
3.026, 0.0053189
3.027, 0.0053189
3.028, 0.0053189
3.029, 0.0053189
3.03, 0.0053189
3.031, 0.0053189
3.032, 0.0053189
3.033, 0.0053189
3.034, 0.0053189
3.035, 0.0053189
3.036, 0.0053189
3.037, 0.0053189
3.038, 0.0053189
3.039, 0.0053189
3.04, 0.0053189
3.041, 0.0053189
3.042, 0.0053189
3.043, 0.0053189
3.044, 0.0053189
3.045, 0.0053189
3.046, 0.0053189
3.047, 0.0053189
3.048, 0.0053189
3.049, 0.0053189
3.05, 0.0053189
3.051, 0.0053189
3.052, 0.0053189
3.053, 0.0053189
3.054, 0.0053189
3.055, 0.0053189
3.056, 0.0053189
3.057, 0.0053189
3.058, 0.0053189
3.059, 0.0053189
3.06, 0.0053189
3.061, 0.0053189
3.062, 0.0053189
3.063, 0.0053189
3.064, 0.0053189
3.065, 0.0053189
3.066, 0.0053189
3.067, 0.0053189
3.068, 0.0053189
3.069, 0.0053189
3.07, 0.0053189
3.071, 0.0053189
3.072, 0.0053189
3.073, 0.0053189
3.074, 0.0053189
3.075, 0.0053189
3.076, 0.0053189
3.077, 0.0053189
3.078, 0.0053189
3.079, 0.0053189
3.08, 0.0053189
3.081, 0.0053189
3.082, 0.0053189
3.083, 0.0053189
3.084, 0.0053189
3.085, 0.0053189
3.086, 0.0053189
3.087, 0.0053189
3.088, 0.0053189
3.089, 0.0053189
3.09, 0.0053189
3.091, 0.0053189
3.092, 0.0053189
3.093, 0.0053189
3.094, 0.0053189
3.095, 0.0053189
3.096, 0.0053189
3.097, 0.0053189
3.098, 0.0053189
3.099, 0.0053189
3.1, 0.0053189
3.101, 0.0053189
3.102, 0.0053189
3.103, 0.0053189
3.104, 0.0053189
3.105, 0.0053189
3.106, 0.0053189
3.107, 0.0053189
3.108, 0.0053189
3.109, 0.0053189
3.11, 0.0053189
3.111, 0.0053189
3.112, 0.0053189
3.113, 0.0053189
3.114, 0.0053189
3.115, 0.0053189
3.116, 0.0053189
3.117, 0.0053189
3.118, 0.0053189
3.119, 0.0053189
3.12, 0.0053189
3.121, 0.0053189
3.122, 0.0053189
3.123, 0.0053189
3.124, 0.0053189
3.125, 0.0053189
3.126, 0.0053189
3.127, 0.0053189
3.128, 0.0053189
3.129, 0.0053189
3.13, 0.0053189
3.131, 0.0053189
3.132, 0.0053189
3.133, 0.0053189
3.134, 0.0053189
3.135, 0.0053189
3.136, 0.0053189
3.137, 0.0053189
3.138, 0.0053189
3.139, 0.0053189
3.14, 0.0053189
3.141, 0.0053189
3.142, 0.0053189
3.143, 0.0053189
3.144, 0.0053189
3.145, 0.0053189
3.146, 0.0053189
3.147, 0.0053189
3.148, 0.0053189
3.149, 0.0053189
3.15, 0.0053189
3.151, 0.0053189
3.152, 0.0053189
3.153, 0.0053189
3.154, 0.0053189
3.155, 0.0053189
3.156, 0.0053189
3.157, 0.0053189
3.158, 0.0053189
3.159, 0.0053189
3.16, 0.0053189
3.161, 0.0053189
3.162, 0.0053189
3.163, 0.0053189
3.164, 0.0053189
3.165, 0.0053189
3.166, 0.0053189
3.167, 0.0053189
3.168, 0.0053189
3.169, 0.0053189
3.17, 0.0053189
3.171, 0.0053189
3.172, 0.0053189
3.173, 0.0053189
3.174, 0.0053189
3.175, 0.0053189
3.176, 0.0053189
3.177, 0.0053189
3.178, 0.0053189
3.179, 0.0053189
3.18, 0.0053189
3.181, 0.0053189
3.182, 0.0053189
3.183, 0.0053189
3.184, 0.0053189
3.185, 0.0053189
3.186, 0.0053189
3.187, 0.0053189
3.188, 0.0053189
3.189, 0.0053189
3.19, 0.0053189
3.191, 0.0053189
3.192, 0.0053189
3.193, 0.0053189
3.194, 0.0053189
3.195, 0.0053189
3.196, 0.0053189
3.197, 0.0053189
3.198, 0.0053189
3.199, 0.0053189
3.2, 0.0053189
3.201, 0.0053189
3.202, 0.0053189
3.203, 0.0053189
3.204, 0.0053189
3.205, 0.0053189
3.206, 0.0053189
3.207, 0.0053189
3.208, 0.0053189
3.209, 0.0053189
3.21, 0.0053189
3.211, 0.0053189
3.212, 0.0053189
3.213, 0.0053189
3.214, 0.0053189
3.215, 0.0053189
3.216, 0.0053189
3.217, 0.0053189
3.218, 0.0053189
3.219, 0.0053189
3.22, 0.0053189
3.221, 0.0053189
3.222, 0.0053189
3.223, 0.0053189
3.224, 0.0053189
3.225, 0.0053189
3.226, 0.0053189
3.227, 0.0053189
3.228, 0.0053189
3.229, 0.0053189
3.23, 0.0053189
3.231, 0.0053189
3.232, 0.0053189
3.233, 0.0053189
3.234, 0.0053189
3.235, 0.0053189
3.236, 0.0053189
3.237, 0.0053189
3.238, 0.0053189
3.239, 0.0053189
3.24, 0.0053189
3.241, 0.0053189
3.242, 0.0053189
3.243, 0.0053189
3.244, 0.0053189
3.245, 0.0053189
3.246, 0.0053189
3.247, 0.0053189
3.248, 0.0053189
3.249, 0.0053189
3.25, 0.0053189
3.251, 0.0053189
3.252, 0.0053189
3.253, 0.0053189
3.254, 0.0053189
3.255, 0.0053189
3.256, 0.0053189
3.257, 0.0053189
3.258, 0.0053189
3.259, 0.0053189
3.26, 0.0053189
3.261, 0.0053189
3.262, 0.0053189
3.263, 0.0053189
3.264, 0.0053189
3.265, 0.0053189
3.266, 0.0053189
3.267, 0.0053189
3.268, 0.0053189
3.269, 0.0053189
3.27, 0.0053189
3.271, 0.0053189
3.272, 0.0053189
3.273, 0.0053189
3.274, 0.0053189
3.275, 0.0053189
3.276, 0.0053189
3.277, 0.0053189
3.278, 0.0053189
3.279, 0.0053189
3.28, 0.0053189
3.281, 0.0053189
3.282, 0.0053189
3.283, 0.0053189
3.284, 0.0053189
3.285, 0.0053189
3.286, 0.0053189
3.287, 0.0053189
3.288, 0.0053189
3.289, 0.0053189
3.29, 0.0053189
3.291, 0.0053189
3.292, 0.0053189
3.293, 0.0053189
3.294, 0.0053189
3.295, 0.0053189
3.296, 0.0053189
3.297, 0.0053189
3.298, 0.0053189
3.299, 0.0053189
3.3, 0.0053189
3.301, 0.0053189
3.302, 0.0053189
3.303, 0.0053189
3.304, 0.0053189
3.305, 0.0053189
3.306, 0.0053189
3.307, 0.0053189
3.308, 0.0053189
3.309, 0.0053189
3.31, 0.0053189
3.311, 0.0053189
3.312, 0.0053189
3.313, 0.0053189
3.314, 0.0053189
3.315, 0.0053189
3.316, 0.0053189
3.317, 0.0053189
3.318, 0.0053189
3.319, 0.0053189
3.32, 0.0053189
3.321, 0.0053189
3.322, 0.0053189
3.323, 0.0053189
3.324, 0.0053189
3.325, 0.0053189
3.326, 0.0053189
3.327, 0.0053189
3.328, 0.0053189
3.329, 0.0053189
3.33, 0.0053189
3.331, 0.0053189
3.332, 0.0053189
3.333, 0.0053189
3.334, 0.0053189
3.335, 0.0053189
3.336, 0.0053189
3.337, 0.0053189
3.338, 0.0053189
3.339, 0.0053189
3.34, 0.0053189
3.341, 0.0053189
3.342, 0.0053189
3.343, 0.0053189
3.344, 0.0053189
3.345, 0.0053189
3.346, 0.0053189
3.347, 0.0053189
3.348, 0.0053189
3.349, 0.0053189
3.35, 0.0053189
3.351, 0.0053189
3.352, 0.0053189
3.353, 0.0053189
3.354, 0.0053189
3.355, 0.0053189
3.356, 0.0053189
3.357, 0.0053189
3.358, 0.0053189
3.359, 0.0053189
3.36, 0.0053189
3.361, 0.0053189
3.362, 0.0053189
3.363, 0.0053189
3.364, 0.0053189
3.365, 0.0053189
3.366, 0.0053189
3.367, 0.0053189
3.368, 0.0053189
3.369, 0.0053189
3.37, 0.0053189
3.371, 0.0053189
3.372, 0.0053189
3.373, 0.0053189
3.374, 0.0053189
3.375, 0.0053189
3.376, 0.0053189
3.377, 0.0053189
3.378, 0.0053189
3.379, 0.0053189
3.38, 0.0053189
3.381, 0.0053189
3.382, 0.0053189
3.383, 0.0053189
3.384, 0.0053189
3.385, 0.0053189
3.386, 0.0053189
3.387, 0.0053189
3.388, 0.0053189
3.389, 0.0053189
3.39, 0.0053189
3.391, 0.0053189
3.392, 0.0053189
3.393, 0.0053189
3.394, 0.0053189
3.395, 0.0053189
3.396, 0.0053189
3.397, 0.0053189
3.398, 0.0053189
3.399, 0.0053189
3.4, 0.0053189
3.401, 0.0053189
3.402, 0.0053189
3.403, 0.0053189
3.404, 0.0053189
3.405, 0.0053189
3.406, 0.0053189
3.407, 0.0053189
3.408, 0.0053189
3.409, 0.0053189
3.41, 0.0053189
3.411, 0.0053189
3.412, 0.0053189
3.413, 0.0053189
3.414, 0.0053189
3.415, 0.0053189
3.416, 0.0053189
3.417, 0.0053189
3.418, 0.0053189
3.419, 0.0053189
3.42, 0.0053189
3.421, 0.0053189
3.422, 0.0053189
3.423, 0.0053189
3.424, 0.0053189
3.425, 0.0053189
3.426, 0.0053189
3.427, 0.0053189
3.428, 0.0053189
3.429, 0.0053189
3.43, 0.0053189
3.431, 0.0053189
3.432, 0.0053189
3.433, 0.0053189
3.434, 0.0053189
3.435, 0.0053189
3.436, 0.0053189
3.437, 0.0053189
3.438, 0.0053189
3.439, 0.0053189
3.44, 0.0053189
3.441, 0.0053189
3.442, 0.0053189
3.443, 0.0053189
3.444, 0.0053189
3.445, 0.0053189
3.446, 0.0053189
3.447, 0.0053189
3.448, 0.0053189
3.449, 0.0053189
3.45, 0.0053189
3.451, 0.0053189
3.452, 0.0053189
3.453, 0.0053189
3.454, 0.0053189
3.455, 0.0053189
3.456, 0.0053189
3.457, 0.0053189
3.458, 0.0053189
3.459, 0.0053189
3.46, 0.0053189
3.461, 0.0053189
3.462, 0.0053189
3.463, 0.0053189
3.464, 0.0053189
3.465, 0.0053189
3.466, 0.0053189
3.467, 0.0053189
3.468, 0.00534217
3.469, 0.00534809
3.47, 0.00534067
3.471, 0.00532299
3.472, 0.00529745
3.473, 0.00526586
3.474, 0.00522964
3.475, 0.00518986
3.476, 0.00514735
3.477, 0.00510275
3.478, 0.00505653
3.479, 0.00500908
3.48, 0.00496068
3.481, 0.00491155
3.482, 0.00486186
3.483, 0.00481175
3.484, 0.0047613
3.485, 0.00471061
3.486, 0.00465971
3.487, 0.00460867
3.488, 0.00455752
3.489, 0.00450628
3.49, 0.00445497
3.491, 0.00440361
3.492, 0.00435221
3.493, 0.00430077
3.494, 0.00424932
3.495, 0.00419785
3.496, 0.00414636
3.497, 0.00409486
3.498, 0.00404336
3.499, 0.00399185
3.5, 0.00394033
3.501, 0.00388881
3.502, 0.00383729
3.503, 0.00378577
3.504, 0.00373424
3.505, 0.00368271
3.506, 0.00363118
3.507, 0.00357965
3.508, 0.00352812
3.509, 0.00347659
3.51, 0.00342506
3.511, 0.00337353
3.512, 0.003322
3.513, 0.00327047
3.514, 0.00321894
3.515, 0.00316741
3.516, 0.00311587
3.517, 0.00306434
3.518, 0.00301281
3.519, 0.00296128
3.52, 0.00290975
3.521, 0.00285822
3.522, 0.00280668
3.523, 0.00275515
3.524, 0.00270362
3.525, 0.00265209
3.526, 0.00260056
3.527, 0.00254902
3.528, 0.00249749
3.529, 0.00244596
3.53, 0.00239443
3.531, 0.0023429
3.532, 0.00229137
3.533, 0.00223983
3.534, 0.0021883
3.535, 0.00213677
3.536, 0.00208524
3.537, 0.00203371
3.538, 0.00198217
3.539, 0.00193064
3.54, 0.00187911
3.541, 0.00182758
3.542, 0.00177605
3.543, 0.00172452
3.544, 0.00167298
3.545, 0.00162145
3.546, 0.00156992
3.547, 0.00151839
3.548, 0.00146686
3.549, 0.00141532
3.55, 0.00136379
3.551, 0.00131226
3.552, 0.00126073
3.553, 0.0012092
3.554, 0.00115766
3.555, 0.00110613
3.556, 0.0010546
3.557, 0.00100307
3.558, 0.000951537
3.559, 0.000900006
3.56, 0.000848474
3.561, 0.000796942
3.562, 0.00074541
3.563, 0.000693878
3.564, 0.000642346
3.565, 0.000590815
3.566, 0.000539283
3.567, 0.000487751
3.568, 0.000436219
3.569, 0.000384687
3.57, 0.000333155
3.571, 0.000281624
3.572, 0.000230092
3.573, 0.00017856
3.574, 0.000127028
3.575, 7.54962e-05
3.576, 2.39644e-05
3.577, -2.75674e-05
3.578, -7.90993e-05
3.579, -0.000130631
3.58, -0.000182163
3.581, -0.000233695
3.582, -0.000285227
3.583, -0.000336758
3.584, -0.00038829
3.585, -0.000439822
3.586, -0.000491354
3.587, -0.000542886
3.588, -0.000594418
3.589, -0.00064595
3.59, -0.000697481
3.591, -0.000749013
3.592, -0.000800545
3.593, -0.000852077
3.594, -0.000903609
3.595, -0.000955141
3.596, -0.00100667
3.597, -0.0010582
3.598, -0.00110974
3.599, -0.00116127
3.6, -0.0012128
3.601, -0.00126433
3.602, -0.00131586
3.603, -0.0013674
3.604, -0.00141893
3.605, -0.00147046
3.606, -0.00152199
3.607, -0.00157352
3.608, -0.00162505
3.609, -0.00167659
3.61, -0.00172812
3.611, -0.00177965
3.612, -0.00183118
3.613, -0.00188271
3.614, -0.00193425
3.615, -0.00198578
3.616, -0.00203731
3.617, -0.00208884
3.618, -0.00214037
3.619, -0.0021919
3.62, -0.00224344
3.621, -0.00229497
3.622, -0.0023465
3.623, -0.00239803
3.624, -0.00244956
3.625, -0.0025011
3.626, -0.00255263
3.627, -0.00260416
3.628, -0.00265569
3.629, -0.00270722
3.63, -0.00275875
3.631, -0.00281029
3.632, -0.00286182
3.633, -0.00291335
3.634, -0.00296488
3.635, -0.00301641
3.636, -0.00306795
3.637, -0.00311948
3.638, -0.00317101
3.639, -0.00322254
3.64, -0.00327407
3.641, -0.00332561
3.642, -0.00337714
3.643, -0.00342867
3.644, -0.0034802
3.645, -0.00353173
3.646, -0.00358326
3.647, -0.0036348
3.648, -0.00368633
3.649, -0.00373786
3.65, -0.00378939
3.651, -0.00384092
3.652, -0.00389246
3.653, -0.00394399
3.654, -0.00399552
3.655, -0.00404705
3.656, -0.00409858
3.657, -0.00415011
3.658, -0.00420165
3.659, -0.00425318
3.66, -0.00430471
3.661, -0.00435624
3.662, -0.00440777
3.663, -0.00445931
3.664, -0.00451084
3.665, -0.00456237
3.666, -0.0046139
3.667, -0.00466543
3.668, -0.00471696
3.669, -0.0047685
3.67, -0.00482003
3.671, -0.00487156
3.672, -0.00492309
3.673, -0.00497462
3.674, -0.00502616
3.675, -0.00507769
3.676, -0.00512922
3.677, -0.00518075
3.678, -0.00523228
3.679, -0.00528382
3.68, -0.00533535
3.681, -0.00538688
3.682, -0.00543841
3.683, -0.00548994
3.684, -0.00554147
3.685, -0.00559301
3.686, -0.00564454
3.687, -0.00569607
3.688, -0.0057476
3.689, -0.00579913
3.69, -0.00585067
3.691, -0.0059022
3.692, -0.00595373
3.693, -0.00600526
3.694, -0.00605679
3.695, -0.00610832
3.696, -0.00615986
3.697, -0.00621139
3.698, -0.00626292
3.699, -0.00631445
3.7, -0.00636598
3.701, -0.00641752
3.702, -0.00646905
3.703, -0.00652058
3.704, -0.00657211
3.705, -0.00662364
3.706, -0.00667517
3.707, -0.00672671
3.708, -0.00677824
3.709, -0.00682977
3.71, -0.0068813
3.711, -0.00693283
3.712, -0.00698437
3.713, -0.0070359
3.714, -0.00708743
3.715, -0.00713896
3.716, -0.00719049
3.717, -0.00724202
3.718, -0.00729356
3.719, -0.00734509
3.72, -0.00739662
3.721, -0.00744815
3.722, -0.00749968
3.723, -0.00755122
3.724, -0.00760275
3.725, -0.00765428
3.726, -0.00770581
3.727, -0.00775734
3.728, -0.00780888
3.729, -0.00786041
3.73, -0.00791194
3.731, -0.00796347
3.732, -0.008015
3.733, -0.00806653
3.734, -0.00811807
3.735, -0.0081696
3.736, -0.00822113
3.737, -0.00827266
3.738, -0.00832419
3.739, -0.00837573
3.74, -0.00842726
3.741, -0.00847879
3.742, -0.00853032
3.743, -0.00858185
3.744, -0.00863338
3.745, -0.00868492
3.746, -0.00873645
3.747, -0.00878798
3.748, -0.00883951
3.749, -0.00889104
3.75, -0.00894258
3.751, -0.00899411
3.752, -0.00904564
3.753, -0.00909717
3.754, -0.0091487
3.755, -0.00920023
3.756, -0.00925177
3.757, -0.0093033
3.758, -0.00935483
3.759, -0.00940636
3.76, -0.00945789
3.761, -0.00950943
3.762, -0.00956096
3.763, -0.00961249
3.764, -0.00966402
3.765, -0.00971555
3.766, -0.00976709
3.767, -0.00981862
3.768, -0.00987015
3.769, -0.00992168
3.77, -0.00997321
3.771, -0.0100247
3.772, -0.0100763
3.773, -0.0101278
3.774, -0.0101793
3.775, -0.0102309
3.776, -0.0102824
3.777, -0.0103339
3.778, -0.0103855
3.779, -0.010437
3.78, -0.0104885
3.781, -0.0105401
3.782, -0.0105916
3.783, -0.0106431
3.784, -0.0106947
3.785, -0.0107462
3.786, -0.0107977
3.787, -0.0108493
3.788, -0.0109008
3.789, -0.0109523
3.79, -0.0110038
3.791, -0.0110554
3.792, -0.0111069
3.793, -0.0111584
3.794, -0.01121
3.795, -0.0112615
3.796, -0.011313
3.797, -0.0113646
3.798, -0.0114161
3.799, -0.0114676
3.8, -0.0115192
3.801, -0.0115707
3.802, -0.0116222
3.803, -0.0116738
3.804, -0.0117253
3.805, -0.0117768
3.806, -0.0118284
3.807, -0.0118799
3.808, -0.0119314
3.809, -0.011983
3.81, -0.0120345
3.811, -0.012086
3.812, -0.0121375
3.813, -0.0121891
3.814, -0.0122406
3.815, -0.0122921
3.816, -0.0123437
3.817, -0.0123952
3.818, -0.0124467
3.819, -0.0124983
3.82, -0.0125498
3.821, -0.0126013
3.822, -0.0126529
3.823, -0.0127044
3.824, -0.0127559
3.825, -0.0128075
3.826, -0.012859
3.827, -0.0129105
3.828, -0.0129621
3.829, -0.0130136
3.83, -0.0130651
3.831, -0.0131167
3.832, -0.0131682
3.833, -0.0132197
3.834, -0.0132713
3.835, -0.0133228
3.836, -0.0133743
3.837, -0.0134258
3.838, -0.0134774
3.839, -0.0135289
3.84, -0.0135804
3.841, -0.013632
3.842, -0.0136835
3.843, -0.013735
3.844, -0.0137866
3.845, -0.0138381
3.846, -0.0138896
3.847, -0.0139412
3.848, -0.0139927
3.849, -0.0140442
3.85, -0.0140958
3.851, -0.0141473
3.852, -0.0141988
3.853, -0.0142504
3.854, -0.0143019
3.855, -0.0143534
3.856, -0.014405
3.857, -0.0144565
3.858, -0.014508
3.859, -0.0145595
3.86, -0.0146111
3.861, -0.0146626
3.862, -0.0147141
3.863, -0.0147657
3.864, -0.0148172
3.865, -0.0148687
3.866, -0.0149203
3.867, -0.0149718
3.868, -0.0150233
3.869, -0.0150749
3.87, -0.0151264
3.871, -0.0151779
3.872, -0.0152295
3.873, -0.015281
3.874, -0.0153325
3.875, -0.0153841
3.876, -0.0154356
3.877, -0.0154871
3.878, -0.0155387
3.879, -0.0155902
3.88, -0.0156417
3.881, -0.0156932
3.882, -0.0157448
3.883, -0.0157963
3.884, -0.0158478
3.885, -0.0158994
3.886, -0.0159509
3.887, -0.0160024
3.888, -0.016054
3.889, -0.0161055
3.89, -0.016157
3.891, -0.0162086
3.892, -0.0162601
3.893, -0.0163116
3.894, -0.0163632
3.895, -0.0164147
3.896, -0.0164662
3.897, -0.0165178
3.898, -0.0165693
3.899, -0.0166208
3.9, -0.0166724
3.901, -0.0167239
3.902, -0.0167754
3.903, -0.0168269
3.904, -0.0168785
3.905, -0.01693
3.906, -0.0169815
3.907, -0.0170331
3.908, -0.0170846
3.909, -0.0171361
3.91, -0.0171877
3.911, -0.0172392
3.912, -0.0172907
3.913, -0.0173423
3.914, -0.0173938
3.915, -0.0174453
3.916, -0.0174969
3.917, -0.0175484
3.918, -0.0175999
3.919, -0.0176515
3.92, -0.017703
3.921, -0.0177545
3.922, -0.0178061
3.923, -0.0178576
3.924, -0.0179091
3.925, -0.0179606
3.926, -0.0180122
3.927, -0.0180637
3.928, -0.0181152
3.929, -0.0181668
3.93, -0.0182183
3.931, -0.0182698
3.932, -0.0183214
3.933, -0.0183729
3.934, -0.0184244
3.935, -0.018476
3.936, -0.0185275
3.937, -0.018579
3.938, -0.0186306
3.939, -0.0186821
3.94, -0.0187336
3.941, -0.0187852
3.942, -0.0188367
3.943, -0.0188882
3.944, -0.0189398
3.945, -0.0189913
3.946, -0.0190428
3.947, -0.0190943
3.948, -0.0191459
3.949, -0.0191974
3.95, -0.0192489
3.951, -0.0193005
3.952, -0.019352
3.953, -0.0194035
3.954, -0.0194551
3.955, -0.0195066
3.956, -0.0195581
3.957, -0.0196097
3.958, -0.0196612
3.959, -0.0197127
3.96, -0.0197643
3.961, -0.0198158
3.962, -0.0198673
3.963, -0.0199189
3.964, -0.0199704
3.965, -0.0200219
3.966, -0.0200735
3.967, -0.020125
3.968, -0.0201765
3.969, -0.020228
3.97, -0.0202796
3.971, -0.0203311
3.972, -0.0203826
3.973, -0.0204342
3.974, -0.0204857
3.975, -0.0205372
3.976, -0.0205888
3.977, -0.0206403
3.978, -0.0206918
3.979, -0.0207434
3.98, -0.0207949
3.981, -0.0208464
3.982, -0.020898
3.983, -0.0209495
3.984, -0.021001
3.985, -0.0210526
3.986, -0.0211041
3.987, -0.0211556
3.988, -0.0212072
3.989, -0.0212587
3.99, -0.0213102
3.991, -0.0213617
3.992, -0.0214133
3.993, -0.0214648
3.994, -0.0215163
3.995, -0.0215679
3.996, -0.0216194
3.997, -0.0216709
3.998, -0.0217225
3.999, -0.021774
4, -0.0218255
4.001, -0.0218771
4.002, -0.0219286
4.003, -0.0219801
4.004, -0.0220317
4.005, -0.0220832
4.006, -0.0221347
4.007, -0.0221863
4.008, -0.0222378
4.009, -0.0222893
4.01, -0.0223409
4.011, -0.0223924
4.012, -0.0224439
4.013, -0.0224954
4.014, -0.022547
4.015, -0.0225985
4.016, -0.02265
4.017, -0.0227016
4.018, -0.0227531
4.019, -0.0228046
4.02, -0.0228562
4.021, -0.0229077
4.022, -0.0229592
4.023, -0.0230108
4.024, -0.0230623
4.025, -0.0231138
4.026, -0.0231654
4.027, -0.0232169
4.028, -0.0232684
4.029, -0.02332
4.03, -0.0233715
4.031, -0.023423
4.032, -0.0234746
4.033, -0.0235261
4.034, -0.0235776
4.035, -0.0236291
4.036, -0.0236807
4.037, -0.0237322
4.038, -0.0237837
4.039, -0.0238353
4.04, -0.0238868
4.041, -0.0239383
4.042, -0.0239899
4.043, -0.0240414
4.044, -0.0240929
4.045, -0.0241445
4.046, -0.024196
4.047, -0.0242475
4.048, -0.0242991
4.049, -0.0243506
4.05, -0.0244021
4.051, -0.0244537
4.052, -0.0245052
4.053, -0.0245567
4.054, -0.0246083
4.055, -0.0246598
4.056, -0.0247113
4.057, -0.0247629
4.058, -0.0248144
4.059, -0.0248659
4.06, -0.0249174
4.061, -0.024969
4.062, -0.0250205
4.063, -0.025072
4.064, -0.0251236
4.065, -0.0251751
4.066, -0.0252266
4.067, -0.0252782
4.068, -0.0253297
4.069, -0.0253812
4.07, -0.0254328
4.071, -0.0254843
4.072, -0.0255358
4.073, -0.0255874
4.074, -0.0256389
4.075, -0.0256904
4.076, -0.025742
4.077, -0.0257935
4.078, -0.025845
4.079, -0.0258966
4.08, -0.0259481
4.081, -0.0259996
4.082, -0.0260511
4.083, -0.0261027
4.084, -0.0261542
4.085, -0.0262057
4.086, -0.0262573
4.087, -0.0263088
4.088, -0.0263603
4.089, -0.0264119
4.09, -0.0264634
4.091, -0.0265149
4.092, -0.0265665
4.093, -0.026618
4.094, -0.0266695
4.095, -0.0267211
4.096, -0.0267726
4.097, -0.0268241
4.098, -0.0268757
4.099, -0.0269272
4.1, -0.0269787
4.101, -0.0270303
4.102, -0.0270818
4.103, -0.0271333
4.104, -0.0271848
4.105, -0.0272364
4.106, -0.0272879
4.107, -0.0273394
4.108, -0.027391
4.109, -0.0274425
4.11, -0.027494
4.111, -0.0275456
4.112, -0.0275971
4.113, -0.0276486
4.114, -0.0277002
4.115, -0.0277517
4.116, -0.0278032
4.117, -0.0278548
4.118, -0.0279063
4.119, -0.0279578
4.12, -0.0280094
4.121, -0.0280609
4.122, -0.0281124
4.123, -0.028164
4.124, -0.0282155
4.125, -0.028267
4.126, -0.0283185
4.127, -0.0283701
4.128, -0.0284216
4.129, -0.0284731
4.13, -0.0285247
4.131, -0.0285762
4.132, -0.0286277
4.133, -0.0286793
4.134, -0.0287308
4.135, -0.0287823
4.136, -0.0288339
4.137, -0.0288854
4.138, -0.0289369
4.139, -0.0289885
4.14, -0.02904
4.141, -0.0290915
4.142, -0.0291431
4.143, -0.0291946
4.144, -0.0292461
4.145, -0.0292977
4.146, -0.0293492
4.147, -0.0294007
4.148, -0.0294522
4.149, -0.0295038
4.15, -0.0295553
4.151, -0.0296068
4.152, -0.0296584
4.153, -0.0297099
4.154, -0.0297614
4.155, -0.029813
4.156, -0.0298645
4.157, -0.029916
4.158, -0.0299676
4.159, -0.0300191
4.16, -0.0300706
4.161, -0.0301222
4.162, -0.0301737
4.163, -0.0302252
4.164, -0.0302768
4.165, -0.0303283
4.166, -0.0303798
4.167, -0.0304314
4.168, -0.0304829
4.169, -0.0305344
4.17, -0.0305859
4.171, -0.0306375
4.172, -0.030689
4.173, -0.0307405
4.174, -0.0307921
4.175, -0.0308436
4.176, -0.0308951
4.177, -0.0309467
4.178, -0.0309982
4.179, -0.0310497
4.18, -0.0311013
4.181, -0.0311528
4.182, -0.0312043
4.183, -0.0312559
4.184, -0.0313074
4.185, -0.0313589
4.186, -0.0314105
4.187, -0.031462
4.188, -0.0315135
4.189, -0.0315651
4.19, -0.0316166
4.191, -0.0316681
4.192, -0.0317196
4.193, -0.0317712
4.194, -0.0318227
4.195, -0.0318742
4.196, -0.0319258
4.197, -0.0319773
4.198, -0.0320288
4.199, -0.0320804
4.2, -0.0321319
4.201, -0.0321834
4.202, -0.032235
4.203, -0.0322865
4.204, -0.032338
4.205, -0.0323896
4.206, -0.0324411
4.207, -0.0324926
4.208, -0.0325442
4.209, -0.0325957
4.21, -0.0326472
4.211, -0.0326988
4.212, -0.0327503
4.213, -0.0328018
4.214, -0.0328533
4.215, -0.0329049
4.216, -0.0329564
4.217, -0.0330079
4.218, -0.0330595
4.219, -0.033111
4.22, -0.0331625
4.221, -0.0332141
4.222, -0.0332656
4.223, -0.0333171
4.224, -0.0333687
4.225, -0.0334202
4.226, -0.0334717
4.227, -0.0335233
4.228, -0.0335748
4.229, -0.0336263
4.23, -0.0336779
4.231, -0.0337294
4.232, -0.0337809
4.233, -0.0338325
4.234, -0.033884
4.235, -0.0339355
4.236, -0.033987
4.237, -0.0340386
4.238, -0.0340901
4.239, -0.0341416
4.24, -0.0341932
4.241, -0.0342447
4.242, -0.0342962
4.243, -0.0343478
4.244, -0.0343993
4.245, -0.0344508
4.246, -0.0345024
4.247, -0.0345539
4.248, -0.0346054
4.249, -0.034657
4.25, -0.0347085
4.251, -0.03476
4.252, -0.0348116
4.253, -0.0348631
4.254, -0.0349146
4.255, -0.0349662
4.256, -0.0350177
4.257, -0.0350692
4.258, -0.0351207
4.259, -0.0351723
4.26, -0.0352238
4.261, -0.0352753
4.262, -0.0353269
4.263, -0.0353784
4.264, -0.0354299
4.265, -0.0354815
4.266, -0.035533
4.267, -0.0355845
4.268, -0.0356361
4.269, -0.0356876
4.27, -0.0357391
4.271, -0.0357907
4.272, -0.0358422
4.273, -0.0358937
4.274, -0.0359453
4.275, -0.0359968
4.276, -0.0360483
4.277, -0.0360999
4.278, -0.0361514
4.279, -0.0362029
4.28, -0.0362545
4.281, -0.036306
4.282, -0.0363575
4.283, -0.036409
4.284, -0.0364606
4.285, -0.0365121
4.286, -0.0365636
4.287, -0.0366152
4.288, -0.0366667
4.289, -0.0367182
4.29, -0.0367698
4.291, -0.0368213
4.292, -0.0368728
4.293, -0.0369244
4.294, -0.0369759
4.295, -0.0370274
4.296, -0.037079
4.297, -0.0371305
4.298, -0.037182
4.299, -0.0372336
4.3, -0.0372851
4.301, -0.0373366
4.302, -0.0373882
4.303, -0.0374397
4.304, -0.0374912
4.305, -0.0375427
4.306, -0.0375943
4.307, -0.0376458
4.308, -0.0376973
4.309, -0.0377489
4.31, -0.0378004
4.311, -0.0378519
4.312, -0.0379035
4.313, -0.037955
4.314, -0.0380065
4.315, -0.0380581
4.316, -0.0381096
4.317, -0.0381611
4.318, -0.0382127
4.319, -0.0382642
4.32, -0.0383157
4.321, -0.0383673
4.322, -0.0384188
4.323, -0.0384703
4.324, -0.0385219
4.325, -0.0385734
4.326, -0.0386249
4.327, -0.0386764
4.328, -0.038728
4.329, -0.0387795
4.33, -0.038831
4.331, -0.0388826
4.332, -0.0389341
4.333, -0.0389856
4.334, -0.0390372
4.335, -0.0390887
4.336, -0.0391402
4.337, -0.0391918
4.338, -0.0392433
4.339, -0.0392948
4.34, -0.0393464
4.341, -0.0393979
4.342, -0.0394494
4.343, -0.039501
4.344, -0.0395525
4.345, -0.039604
4.346, -0.0396556
4.347, -0.0397071
4.348, -0.0397586
4.349, -0.0398101
4.35, -0.0398617
4.351, -0.0399132
4.352, -0.0399647
4.353, -0.0400163
4.354, -0.0400678
4.355, -0.0401193
4.356, -0.0401709
4.357, -0.0402224
4.358, -0.0402739
4.359, -0.0403255
4.36, -0.040377
4.361, -0.0404285
4.362, -0.0404801
4.363, -0.0405316
4.364, -0.0405831
4.365, -0.0406347
4.366, -0.0406862
4.367, -0.0407377
4.368, -0.0407893
4.369, -0.0408408
4.37, -0.0408923
4.371, -0.0409438
4.372, -0.0409954
4.373, -0.0410469
4.374, -0.0410984
4.375, -0.04115
4.376, -0.0412015
4.377, -0.041253
4.378, -0.0413046
4.379, -0.0413561
4.38, -0.0414076
4.381, -0.0414592
4.382, -0.0415107
4.383, -0.0415622
4.384, -0.0416138
4.385, -0.0416653
4.386, -0.0417168
4.387, -0.0417684
4.388, -0.0418199
4.389, -0.0418714
4.39, -0.041923
4.391, -0.0419745
4.392, -0.042026
4.393, -0.0420775
4.394, -0.0421291
4.395, -0.0421806
4.396, -0.0422321
4.397, -0.0422837
4.398, -0.0423352
4.399, -0.0423867
4.4, -0.0424383
4.401, -0.0424898
4.402, -0.0425413
4.403, -0.0425929
4.404, -0.0426444
4.405, -0.0426959
4.406, -0.0427475
4.407, -0.042799
4.408, -0.0428505
4.409, -0.0429021
4.41, -0.0429536
4.411, -0.0430051
4.412, -0.0430567
4.413, -0.0431082
4.414, -0.0431597
4.415, -0.0432112
4.416, -0.0432628
4.417, -0.0433143
4.418, -0.0433658
4.419, -0.0434174
4.42, -0.0434689
4.421, -0.0435204
4.422, -0.043572
4.423, -0.0436235
4.424, -0.043675
4.425, -0.0437266
4.426, -0.0437781
4.427, -0.0438296
4.428, -0.0438812
4.429, -0.0439327
4.43, -0.0439842
4.431, -0.0440358
4.432, -0.0440873
4.433, -0.0441388
4.434, -0.0441904
4.435, -0.0442419
4.436, -0.0442934
4.437, -0.0443449
4.438, -0.0443965
4.439, -0.044448
4.44, -0.0444995
4.441, -0.0445511
4.442, -0.0446026
4.443, -0.0446541
4.444, -0.0447057
4.445, -0.0447572
4.446, -0.0448087
4.447, -0.0448603
4.448, -0.0449118
4.449, -0.0449633
4.45, -0.0450149
4.451, -0.0450664
4.452, -0.0451179
4.453, -0.0451695
4.454, -0.045221
4.455, -0.0452725
4.456, -0.0453241
4.457, -0.0453756
4.458, -0.0454271
4.459, -0.0454786
4.46, -0.0455302
4.461, -0.0455817
4.462, -0.0456332
4.463, -0.0456848
4.464, -0.0457363
4.465, -0.0457878
4.466, -0.0458394
4.467, -0.0458909
4.468, -0.0459424
4.469, -0.045994
4.47, -0.0460455
4.471, -0.046097
4.472, -0.0461486
4.473, -0.0462001
4.474, -0.0462516
4.475, -0.0463032
4.476, -0.0463547
4.477, -0.0464062
4.478, -0.0464578
4.479, -0.0465093
4.48, -0.0465608
4.481, -0.0466123
4.482, -0.0466639
4.483, -0.0467154
4.484, -0.0467669
4.485, -0.0468185
4.486, -0.04687
4.487, -0.0469215
4.488, -0.0469731
4.489, -0.0470246
4.49, -0.0470761
4.491, -0.0471277
4.492, -0.0471792
4.493, -0.0472307
4.494, -0.0472823
4.495, -0.0473338
4.496, -0.0473853
4.497, -0.0474369
4.498, -0.0474884
4.499, -0.0475399
4.5, -0.0475915
4.501, -0.047643
4.502, -0.0476945
4.503, -0.0477461
4.504, -0.0477976
4.505, -0.0478491
4.506, -0.0479006
4.507, -0.0479522
4.508, -0.0480037
4.509, -0.0480552
4.51, -0.0481068
4.511, -0.0481583
4.512, -0.0482098
4.513, -0.0482614
4.514, -0.0483129
4.515, -0.0483644
4.516, -0.048416
4.517, -0.0484675
4.518, -0.048519
4.519, -0.0485706
4.52, -0.0486221
4.521, -0.0486736
4.522, -0.0487252
4.523, -0.0487767
4.524, -0.0488282
4.525, -0.0488798
4.526, -0.0489313
4.527, -0.0489828
4.528, -0.0490343
4.529, -0.0490859
4.53, -0.0491374
4.531, -0.0491889
4.532, -0.0492405
4.533, -0.049292
4.534, -0.0493435
4.535, -0.0493951
4.536, -0.0494466
4.537, -0.0494981
4.538, -0.0495497
4.539, -0.0496012
4.54, -0.0496527
4.541, -0.0497043
4.542, -0.0497558
4.543, -0.0498073
4.544, -0.0498589
4.545, -0.0499104
4.546, -0.0499619
4.547, -0.0500135
4.548, -0.050065
4.549, -0.0501165
4.55, -0.050168
4.551, -0.0502196
4.552, -0.0502711
4.553, -0.0503226
4.554, -0.0503742
4.555, -0.0504257
4.556, -0.0504772
4.557, -0.0505288
4.558, -0.0505803
4.559, -0.0506318
4.56, -0.0506834
4.561, -0.0507349
4.562, -0.0507864
4.563, -0.050838
4.564, -0.0508895
4.565, -0.050941
4.566, -0.0509926
4.567, -0.0510441
4.568, -0.0510956
4.569, -0.0511472
4.57, -0.0511987
4.571, -0.0512502
4.572, -0.0513017
4.573, -0.0513533
4.574, -0.0514048
4.575, -0.0514563
4.576, -0.0515079
4.577, -0.0515594
4.578, -0.0516109
4.579, -0.0516625
4.58, -0.051714
4.581, -0.0517655
4.582, -0.0518171
4.583, -0.0518686
4.584, -0.0519201
4.585, -0.0519717
4.586, -0.0520232
4.587, -0.0520747
4.588, -0.0521263
4.589, -0.0521778
4.59, -0.0522293
4.591, -0.0522809
4.592, -0.0523324
4.593, -0.0523839
4.594, -0.0524354
4.595, -0.052487
4.596, -0.0525385
4.597, -0.05259
4.598, -0.0526416
4.599, -0.0526931
4.6, -0.0527446
4.601, -0.0527962
4.602, -0.0528477
4.603, -0.0528992
4.604, -0.0529508
4.605, -0.0530023
4.606, -0.0530538
4.607, -0.0531054
4.608, -0.0531569
4.609, -0.0532084
4.61, -0.05326
4.611, -0.0533115
4.612, -0.053363
4.613, -0.0534146
4.614, -0.0534661
4.615, -0.0535176
4.616, -0.0535691
4.617, -0.0536207
4.618, -0.0536722
4.619, -0.0537237
4.62, -0.0537753
4.621, -0.0538268
4.622, -0.0538783
4.623, -0.0539299
4.624, -0.0539814
4.625, -0.0540329
4.626, -0.0540845
4.627, -0.054136
4.628, -0.0541875
4.629, -0.0542391
4.63, -0.0542906
4.631, -0.0543421
4.632, -0.0543937
4.633, -0.0544452
4.634, -0.0544967
4.635, -0.0545483
4.636, -0.0545998
4.637, -0.0546513
4.638, -0.0547028
4.639, -0.0547544
4.64, -0.0548059
4.641, -0.0548574
4.642, -0.054909
4.643, -0.0549605
4.644, -0.055012
4.645, -0.0550636
4.646, -0.0551151
4.647, -0.0551666
4.648, -0.0552182
4.649, -0.0552697
4.65, -0.0553212
4.651, -0.0553728
4.652, -0.0554243
4.653, -0.0554758
4.654, -0.0555274
4.655, -0.0555789
4.656, -0.0556304
4.657, -0.055682
4.658, -0.0557335
4.659, -0.055785
4.66, -0.0558365
4.661, -0.0558881
4.662, -0.0559396
4.663, -0.0559911
4.664, -0.0560427
4.665, -0.0560942
4.666, -0.0561457
4.667, -0.0561973
4.668, -0.0562488
4.669, -0.0563003
4.67, -0.0563519
4.671, -0.0564034
4.672, -0.0564549
4.673, -0.0565065
4.674, -0.056558
4.675, -0.0566095
4.676, -0.0566611
4.677, -0.0567126
4.678, -0.0567641
4.679, -0.0568157
4.68, -0.0568672
4.681, -0.0569187
4.682, -0.0569702
4.683, -0.0570218
4.684, -0.0570733
4.685, -0.0571248
4.686, -0.0571764
4.687, -0.0572279
4.688, -0.0572794
4.689, -0.057331
4.69, -0.0573825
4.691, -0.057434
4.692, -0.0574856
4.693, -0.0575371
4.694, -0.0575886
4.695, -0.0576402
4.696, -0.0576917
4.697, -0.0577432
4.698, -0.0577948
4.699, -0.0578463
4.7, -0.0578978
4.701, -0.0579494
4.702, -0.0580009
4.703, -0.0580524
4.704, -0.0581039
4.705, -0.0581555
4.706, -0.058207
4.707, -0.0582585
4.708, -0.0583101
4.709, -0.0583616
4.71, -0.0584131
4.711, -0.0584647
4.712, -0.0585162
4.713, -0.0585677
4.714, -0.0586193
4.715, -0.0586708
4.716, -0.0587223
4.717, -0.0587739
4.718, -0.0588254
4.719, -0.0588769
4.72, -0.0589285
4.721, -0.05898
4.722, -0.0590315
4.723, -0.0590831
4.724, -0.0591346
4.725, -0.0591861
4.726, -0.0592377
4.727, -0.0592892
4.728, -0.0593407
4.729, -0.0593922
4.73, -0.0594438
4.731, -0.0594953
4.732, -0.0595468
4.733, -0.0595984
4.734, -0.0596499
4.735, -0.0597014
4.736, -0.059753
4.737, -0.0598045
4.738, -0.059856
4.739, -0.0599076
4.74, -0.0599591
4.741, -0.0600106
4.742, -0.0600622
4.743, -0.0601137
4.744, -0.0601652
4.745, -0.0602168
4.746, -0.0602683
4.747, -0.0603198
4.748, -0.0603714
4.749, -0.0604229
4.75, -0.0604744
4.751, -0.0605259
4.752, -0.0605775
4.753, -0.060629
4.754, -0.0606805
4.755, -0.0607321
4.756, -0.0607836
4.757, -0.0608351
4.758, -0.0608867
4.759, -0.0609382
4.76, -0.0609897
4.761, -0.0610413
4.762, -0.0610928
4.763, -0.0611443
4.764, -0.0611959
4.765, -0.0612474
4.766, -0.0612989
4.767, -0.0613505
4.768, -0.061402
4.769, -0.0614535
4.77, -0.0615051
4.771, -0.0615566
4.772, -0.0616081
4.773, -0.0616596
4.774, -0.0617112
4.775, -0.0617627
4.776, -0.0618142
4.777, -0.0618658
4.778, -0.0619173
4.779, -0.0619688
4.78, -0.0620204
4.781, -0.0620719
4.782, -0.0621234
4.783, -0.062175
4.784, -0.0622265
4.785, -0.062278
4.786, -0.0623296
4.787, -0.0623811
4.788, -0.0624326
4.789, -0.0624842
4.79, -0.0625357
4.791, -0.0625872
4.792, -0.0626388
4.793, -0.0626903
4.794, -0.0627418
4.795, -0.0627933
4.796, -0.0628449
4.797, -0.0628964
4.798, -0.0629479
4.799, -0.0629995
4.8, -0.063051
4.801, -0.0631025
4.802, -0.0631541
4.803, -0.0632056
4.804, -0.0632571
4.805, -0.0633087
4.806, -0.0633602
4.807, -0.0634117
4.808, -0.0634633
4.809, -0.0635148
4.81, -0.0635663
4.811, -0.0636179
4.812, -0.0636694
4.813, -0.0637209
4.814, -0.0637725
4.815, -0.063824
4.816, -0.0638755
4.817, -0.063927
4.818, -0.0639786
4.819, -0.0640301
4.82, -0.0640816
4.821, -0.0641332
4.822, -0.0641847
4.823, -0.0642362
4.824, -0.0642878
4.825, -0.0643393
4.826, -0.0643908
4.827, -0.0644424
4.828, -0.0644939
4.829, -0.0645454
4.83, -0.064597
4.831, -0.0646485
4.832, -0.0647
4.833, -0.0647516
4.834, -0.0648031
4.835, -0.0648546
4.836, -0.0649062
4.837, -0.0649577
4.838, -0.0650092
4.839, -0.0650607
4.84, -0.0651123
4.841, -0.0651638
4.842, -0.0652153
4.843, -0.0652669
4.844, -0.0653184
4.845, -0.0653699
4.846, -0.0654215
4.847, -0.065473
4.848, -0.0655245
4.849, -0.0655761
4.85, -0.0656276
4.851, -0.0656791
4.852, -0.0657307
4.853, -0.0657822
4.854, -0.0658337
4.855, -0.0658853
4.856, -0.0659368
4.857, -0.0659883
4.858, -0.0660399
4.859, -0.0660914
4.86, -0.0661429
4.861, -0.0661944
4.862, -0.066246
4.863, -0.0662975
4.864, -0.066349
4.865, -0.0664006
4.866, -0.0664521
4.867, -0.0665036
4.868, -0.0665552
4.869, -0.0666067
4.87, -0.0666582
4.871, -0.0667098
4.872, -0.0667613
4.873, -0.0668128
4.874, -0.0668644
4.875, -0.0669159
4.876, -0.0669674
4.877, -0.067019
4.878, -0.0670705
4.879, -0.067122
4.88, -0.0671736
4.881, -0.0672251
4.882, -0.0672766
4.883, -0.0673281
4.884, -0.0673797
4.885, -0.0674312
4.886, -0.0674827
4.887, -0.0675343
4.888, -0.0675858
4.889, -0.0676373
4.89, -0.0676889
4.891, -0.0677404
4.892, -0.0677919
4.893, -0.0678435
4.894, -0.067895
4.895, -0.0679465
4.896, -0.0679981
4.897, -0.0680496
4.898, -0.0681011
4.899, -0.0681527
4.9, -0.0682042
4.901, -0.0682557
4.902, -0.0683073
4.903, -0.0683588
4.904, -0.0684103
4.905, -0.0684618
4.906, -0.0685134
4.907, -0.0685649
4.908, -0.0686164
4.909, -0.068668
4.91, -0.0687195
4.911, -0.068771
4.912, -0.0688226
4.913, -0.0688741
4.914, -0.0689256
4.915, -0.0689772
4.916, -0.0690287
4.917, -0.0690802
4.918, -0.0691318
4.919, -0.0691833
4.92, -0.0692348
4.921, -0.0692864
4.922, -0.0693379
4.923, -0.0693894
4.924, -0.069441
4.925, -0.0694925
4.926, -0.069544
4.927, -0.0695956
4.928, -0.0696471
4.929, -0.0696986
4.93, -0.0697501
4.931, -0.0698017
4.932, -0.0698532
4.933, -0.0699047
4.934, -0.0699563
4.935, -0.0700078
4.936, -0.0700593
4.937, -0.0701109
4.938, -0.0701624
4.939, -0.0702139
4.94, -0.0702655
4.941, -0.070317
4.942, -0.0703685
4.943, -0.0704201
4.944, -0.0704716
4.945, -0.0705231
4.946, -0.0705747
4.947, -0.0706262
4.948, -0.0706777
4.949, -0.0707293
4.95, -0.0707808
4.951, -0.0708323
4.952, -0.0708838
4.953, -0.0709354
4.954, -0.0709869
4.955, -0.0710384
4.956, -0.07109
4.957, -0.0711415
4.958, -0.071193
4.959, -0.0712446
4.96, -0.0712961
4.961, -0.0713476
4.962, -0.0713992
4.963, -0.0714507
4.964, -0.0715022
4.965, -0.0715538
4.966, -0.0716053
4.967, -0.0716568
4.968, -0.0717084
4.969, -0.0717599
4.97, -0.0718114
4.971, -0.071863
4.972, -0.0719145
4.973, -0.071966
4.974, -0.0720175
4.975, -0.0720691
4.976, -0.0721206
4.977, -0.0721721
4.978, -0.0722237
4.979, -0.0722752
4.98, -0.0723267
4.981, -0.0723783
4.982, -0.0724298
4.983, -0.0724813
4.984, -0.0725329
4.985, -0.0725844
4.986, -0.0726359
4.987, -0.0726875
4.988, -0.072739
4.989, -0.0727905
4.99, -0.0728421
4.991, -0.0728936
4.992, -0.0729451
4.993, -0.0729967
4.994, -0.0730482
4.995, -0.0730997
4.996, -0.0731512
4.997, -0.0732028
4.998, -0.0732543
4.999, -0.0733058
5, -0.0733574
5.001, -0.0734089
5.002, -0.0734604
5.003, -0.073512
5.004, -0.0735635
5.005, -0.073615
5.006, -0.0736666
5.007, -0.0737181
5.008, -0.0737696
5.009, -0.0738212
5.01, -0.0738727
5.011, -0.0739242
5.012, -0.0739758
5.013, -0.0740273
5.014, -0.0740788
5.015, -0.0741304
5.016, -0.0741819
5.017, -0.0742334
5.018, -0.0742849
5.019, -0.0743365
5.02, -0.074388
5.021, -0.0744395
5.022, -0.0744911
5.023, -0.0745426
5.024, -0.0745941
5.025, -0.0746457
5.026, -0.0746972
5.027, -0.0747487
5.028, -0.0748003
5.029, -0.0748518
5.03, -0.0749033
5.031, -0.0749549
5.032, -0.0750064
5.033, -0.0750579
5.034, -0.0751095
5.035, -0.075161
5.036, -0.0752125
5.037, -0.0752641
5.038, -0.0753156
5.039, -0.0753671
5.04, -0.0754186
5.041, -0.0754702
5.042, -0.0755217
5.043, -0.0755732
5.044, -0.0756248
5.045, -0.0756763
5.046, -0.0757278
5.047, -0.0757794
5.048, -0.0758309
5.049, -0.0758824
5.05, -0.075934
5.051, -0.0759855
5.052, -0.076037
5.053, -0.0760886
5.054, -0.0761401
5.055, -0.0761916
5.056, -0.0762432
5.057, -0.0762947
5.058, -0.0763462
5.059, -0.0763978
5.06, -0.0764493
5.061, -0.0765008
5.062, -0.0765523
5.063, -0.0766039
5.064, -0.0766554
5.065, -0.0767069
5.066, -0.0767585
5.067, -0.07681
5.068, -0.0768615
5.069, -0.0769131
5.07, -0.0769646
5.071, -0.0770161
5.072, -0.0770677
5.073, -0.0771192
5.074, -0.0771707
5.075, -0.0772223
5.076, -0.0772738
5.077, -0.0773253
5.078, -0.0773769
5.079, -0.0774284
5.08, -0.0774799
5.081, -0.0775315
5.082, -0.077583
5.083, -0.0776345
5.084, -0.077686
5.085, -0.0777376
5.086, -0.0777891
5.087, -0.0778406
5.088, -0.0778922
5.089, -0.0779437
5.09, -0.0779952
5.091, -0.0780468
5.092, -0.0780983
5.093, -0.0781498
5.094, -0.0782014
5.095, -0.0782529
5.096, -0.0783044
5.097, -0.078356
5.098, -0.0784075
5.099, -0.078459
5.1, -0.0785106
5.101, -0.0785621
5.102, -0.0786136
5.103, -0.0786652
5.104, -0.0787167
5.105, -0.0787682
5.106, -0.0788197
5.107, -0.0788713
5.108, -0.0789228
5.109, -0.0789743
5.11, -0.0790259
5.111, -0.0790774
5.112, -0.0791289
5.113, -0.0791805
5.114, -0.079232
5.115, -0.0792835
5.116, -0.0793351
5.117, -0.0793866
5.118, -0.0794381
5.119, -0.0794897
5.12, -0.0795412
5.121, -0.0795927
5.122, -0.0796443
5.123, -0.0796958
5.124, -0.0797473
5.125, -0.0797989
5.126, -0.0798504
5.127, -0.0799019
5.128, -0.0799534
5.129, -0.080005
5.13, -0.0800565
5.131, -0.080108
5.132, -0.0801596
5.133, -0.0802111
5.134, -0.0802626
5.135, -0.0803142
5.136, -0.0803657
5.137, -0.0804172
5.138, -0.0804688
5.139, -0.0805203
5.14, -0.0805718
5.141, -0.0806234
5.142, -0.0806749
5.143, -0.0807264
5.144, -0.080778
5.145, -0.0808295
5.146, -0.080881
5.147, -0.0809326
5.148, -0.0809841
5.149, -0.0810356
5.15, -0.0810872
5.151, -0.0811387
5.152, -0.0811902
5.153, -0.0812417
5.154, -0.0812933
5.155, -0.0813448
5.156, -0.0813963
5.157, -0.0814479
5.158, -0.0814994
5.159, -0.0815509
5.16, -0.0816025
5.161, -0.081654
5.162, -0.0817055
5.163, -0.0817571
5.164, -0.0818086
5.165, -0.0818601
5.166, -0.0819117
5.167, -0.0819632
5.168, -0.0820147
5.169, -0.0820663
5.17, -0.0821178
5.171, -0.0821693
5.172, -0.0822209
5.173, -0.0822724
5.174, -0.0823239
5.175, -0.0823754
5.176, -0.082427
5.177, -0.0824785
5.178, -0.08253
5.179, -0.0825816
5.18, -0.0826331
5.181, -0.0826846
5.182, -0.0827362
5.183, -0.0827877
5.184, -0.0828392
5.185, -0.0828908
5.186, -0.0829423
5.187, -0.0829938
5.188, -0.0830454
5.189, -0.0830969
5.19, -0.0831484
5.191, -0.0832
5.192, -0.0832515
5.193, -0.083303
5.194, -0.0833546
5.195, -0.0834061
5.196, -0.0834576
5.197, -0.0835091
5.198, -0.0835607
5.199, -0.0836122
5.2, -0.0836637
5.201, -0.0837153
5.202, -0.0837668
5.203, -0.0838183
5.204, -0.0838699
5.205, -0.0839214
5.206, -0.0839729
5.207, -0.0840245
5.208, -0.084076
5.209, -0.0841275
5.21, -0.0841791
5.211, -0.0842306
5.212, -0.0842821
5.213, -0.0843337
5.214, -0.0843852
5.215, -0.0844367
5.216, -0.0844883
5.217, -0.0845398
5.218, -0.0845913
5.219, -0.0846428
5.22, -0.0846944
5.221, -0.0847459
5.222, -0.0847974
5.223, -0.084849
5.224, -0.0849005
5.225, -0.084952
5.226, -0.0850036
5.227, -0.0850551
5.228, -0.0851066
5.229, -0.0851582
5.23, -0.0852097
5.231, -0.0852612
5.232, -0.0853128
5.233, -0.0853643
5.234, -0.0854158
5.235, -0.0854674
5.236, -0.0855189
5.237, -0.0855704
5.238, -0.085622
5.239, -0.0856735
5.24, -0.085725
5.241, -0.0857765
5.242, -0.0858281
5.243, -0.0858796
5.244, -0.0859311
5.245, -0.0859827
5.246, -0.0860342
5.247, -0.0860857
5.248, -0.0861373
5.249, -0.0861888
5.25, -0.0862403
5.251, -0.0862919
5.252, -0.0863434
5.253, -0.0863949
5.254, -0.0864465
5.255, -0.086498
5.256, -0.0865495
5.257, -0.0866011
5.258, -0.0866526
5.259, -0.0867041
5.26, -0.0867557
5.261, -0.0868072
5.262, -0.0868587
5.263, -0.0869102
5.264, -0.0869618
5.265, -0.0870133
5.266, -0.0870648
5.267, -0.0871164
5.268, -0.0871679
5.269, -0.0872194
5.27, -0.087271
5.271, -0.0873225
5.272, -0.087374
5.273, -0.0874256
5.274, -0.0874771
5.275, -0.0875286
5.276, -0.0875802
5.277, -0.0876317
5.278, -0.0876832
5.279, -0.0877348
5.28, -0.0877863
5.281, -0.0878378
5.282, -0.0878894
5.283, -0.0879409
5.284, -0.0879924
5.285, -0.0880439
5.286, -0.0880955
5.287, -0.088147
5.288, -0.0881985
5.289, -0.0882501
5.29, -0.0883016
5.291, -0.0883531
5.292, -0.0884047
5.293, -0.0884562
5.294, -0.0885077
5.295, -0.0885593
5.296, -0.0886108
5.297, -0.0886623
5.298, -0.0887139
5.299, -0.0887654
5.3, -0.0888169
5.301, -0.0888685
5.302, -0.08892
5.303, -0.0889715
5.304, -0.0890231
5.305, -0.0890746
5.306, -0.0891261
5.307, -0.0891776
5.308, -0.0892292
5.309, -0.0892807
5.31, -0.0893322
5.311, -0.0893838
5.312, -0.0894353
5.313, -0.0894868
5.314, -0.0895384
5.315, -0.0895899
5.316, -0.0896414
5.317, -0.089693
5.318, -0.0897445
5.319, -0.089796
5.32, -0.0898476
5.321, -0.0898991
5.322, -0.0899506
5.323, -0.0900022
5.324, -0.0900537
5.325, -0.0901052
5.326, -0.0901568
5.327, -0.0902083
5.328, -0.0902598
5.329, -0.0903113
5.33, -0.0903629
5.331, -0.0904144
5.332, -0.0904659
5.333, -0.0905175
5.334, -0.090569
5.335, -0.0906205
5.336, -0.0906721
5.337, -0.0907236
5.338, -0.0907751
5.339, -0.0908267
5.34, -0.0908782
5.341, -0.0909297
5.342, -0.0909813
5.343, -0.0910328
5.344, -0.0910843
5.345, -0.0911359
5.346, -0.0911874
5.347, -0.0912389
5.348, -0.0912905
5.349, -0.091342
5.35, -0.0913935
5.351, -0.091445
5.352, -0.0914966
5.353, -0.0915481
5.354, -0.0915996
5.355, -0.0916512
5.356, -0.0917027
5.357, -0.0917542
5.358, -0.0918058
5.359, -0.0918573
5.36, -0.0919088
5.361, -0.0919604
5.362, -0.0920119
5.363, -0.0920634
5.364, -0.092115
5.365, -0.0921665
5.366, -0.092218
5.367, -0.0922696
5.368, -0.0923211
5.369, -0.0923726
5.37, -0.0924242
5.371, -0.0924757
5.372, -0.0925272
5.373, -0.0925788
5.374, -0.0926303
5.375, -0.0926818
5.376, -0.0927333
5.377, -0.0927849
5.378, -0.0928364
5.379, -0.0928879
5.38, -0.0929395
5.381, -0.092991
5.382, -0.0930425
5.383, -0.0930941
5.384, -0.0931456
5.385, -0.0931971
5.386, -0.0932487
5.387, -0.0933002
5.388, -0.0933517
5.389, -0.0934033
5.39, -0.0934548
5.391, -0.0935063
5.392, -0.0935579
5.393, -0.0936094
5.394, -0.0936609
5.395, -0.0937125
5.396, -0.093764
5.397, -0.0938155
5.398, -0.093867
5.399, -0.0939186
5.4, -0.0939701
5.401, -0.0940216
5.402, -0.0940732
5.403, -0.0941247
5.404, -0.0941762
5.405, -0.0942278
5.406, -0.0942793
5.407, -0.0943308
5.408, -0.0943824
5.409, -0.0944339
5.41, -0.0944854
5.411, -0.094537
5.412, -0.0945885
5.413, -0.09464
5.414, -0.0946916
5.415, -0.0947431
5.416, -0.0947946
5.417, -0.0948462
5.418, -0.0948977
5.419, -0.0949492
5.42, -0.0950007
5.421, -0.0950523
5.422, -0.0951038
5.423, -0.0951553
5.424, -0.0952069
5.425, -0.0952584
5.426, -0.0953099
5.427, -0.0953615
5.428, -0.095413
5.429, -0.0954645
5.43, -0.0955161
5.431, -0.0955676
5.432, -0.0956191
5.433, -0.0956707
5.434, -0.0957222
5.435, -0.0957737
5.436, -0.0958253
5.437, -0.0958768
5.438, -0.0959283
5.439, -0.0959799
5.44, -0.0960314
5.441, -0.0960829
5.442, -0.0961344
5.443, -0.096186
5.444, -0.0962375
5.445, -0.096289
5.446, -0.0963406
5.447, -0.0963921
5.448, -0.0964436
5.449, -0.0964952
5.45, -0.0965467
5.451, -0.0965982
5.452, -0.0966498
5.453, -0.0967013
5.454, -0.0967528
5.455, -0.0968044
5.456, -0.0968559
5.457, -0.0969074
5.458, -0.096959
5.459, -0.0970105
5.46, -0.097062
5.461, -0.0971136
5.462, -0.0971651
5.463, -0.0972166
5.464, -0.0972681
5.465, -0.0973197
5.466, -0.0973712
5.467, -0.0974227
5.468, -0.0974743
5.469, -0.0975138
5.47, -0.0975442
5.471, -0.0975675
5.472, -0.0975854
5.473, -0.0975992
5.474, -0.0976097
5.475, -0.0976178
5.476, -0.097624
5.477, -0.0976288
5.478, -0.0976324
5.479, -0.0976353
5.48, -0.0976374
5.481, -0.0976391
5.482, -0.0976403
5.483, -0.0976413
5.484, -0.0976421
5.485, -0.0976426
5.486, -0.0976431
5.487, -0.0976434
5.488, -0.0976437
5.489, -0.0976439
5.49, -0.097644
5.491, -0.0976442
5.492, -0.0976442
5.493, -0.0976443
5.494, -0.0976444
5.495, -0.0976444
5.496, -0.0976444
5.497, -0.0976445
5.498, -0.0976445
5.499, -0.0976445
5.5, -0.0976445
5.501, -0.0976445
5.502, -0.0976445
5.503, -0.0976445
5.504, -0.0976445
5.505, -0.0976445
5.506, -0.0976445
5.507, -0.0976445
5.508, -0.0976445
5.509, -0.0976445
5.51, -0.0976445
5.511, -0.0976445
5.512, -0.0976445
5.513, -0.0976445
5.514, -0.0976445
5.515, -0.0976445
5.516, -0.0976445
5.517, -0.0976445
5.518, -0.0976445
5.519, -0.0976445
5.52, -0.0976445
5.521, -0.0976445
5.522, -0.0976445
5.523, -0.0976445
5.524, -0.0976445
5.525, -0.0976445
5.526, -0.0976445
5.527, -0.0976445
5.528, -0.0976445
5.529, -0.0976445
5.53, -0.0976445
5.531, -0.0976445
5.532, -0.0976445
5.533, -0.0976445
5.534, -0.0976445
5.535, -0.0976445
5.536, -0.0976445
5.537, -0.0976445
5.538, -0.0976445
5.539, -0.0976445
5.54, -0.0976445
5.541, -0.0976445
5.542, -0.0976445
5.543, -0.0976445
5.544, -0.0976445
5.545, -0.0976445
5.546, -0.0976445
5.547, -0.0976445
5.548, -0.0976445
5.549, -0.0976445
5.55, -0.0976445
5.551, -0.0976445
5.552, -0.0976445
5.553, -0.0976445
5.554, -0.0976445
5.555, -0.0976445
5.556, -0.0976445
5.557, -0.0976445
5.558, -0.0976445
5.559, -0.0976445
5.56, -0.0976445
5.561, -0.0976445
5.562, -0.0976445
5.563, -0.0976445
5.564, -0.0976445
5.565, -0.0976445
5.566, -0.0976445
5.567, -0.0976445
5.568, -0.0976445
5.569, -0.0976445
5.57, -0.0976445
5.571, -0.0976445
5.572, -0.0976445
5.573, -0.0976445
5.574, -0.0976445
5.575, -0.0976445
5.576, -0.0976445
5.577, -0.0976445
5.578, -0.0976445
5.579, -0.0976445
5.58, -0.0976445
5.581, -0.0976445
5.582, -0.0976445
5.583, -0.0976445
5.584, -0.0976445
5.585, -0.0976445
5.586, -0.0976445
5.587, -0.0976445
5.588, -0.0976445
5.589, -0.0976445
5.59, -0.0976445
5.591, -0.0976445
5.592, -0.0976445
5.593, -0.0976445
5.594, -0.0976445
5.595, -0.0976445
5.596, -0.0976445
5.597, -0.0976445
5.598, -0.0976445
5.599, -0.0976445
5.6, -0.0976445
5.601, -0.0976445
5.602, -0.0976445
5.603, -0.0976445
5.604, -0.0976445
5.605, -0.0976445
5.606, -0.0976445
5.607, -0.0976445
5.608, -0.0976445
5.609, -0.0976445
5.61, -0.0976445
5.611, -0.0976445
5.612, -0.0976445
5.613, -0.0976445
5.614, -0.0976445
5.615, -0.0976445
5.616, -0.0976445
5.617, -0.0976445
5.618, -0.0976445
5.619, -0.0976445
5.62, -0.0976445
5.621, -0.0976445
5.622, -0.0976445
5.623, -0.0976445
5.624, -0.0976445
5.625, -0.0976445
5.626, -0.0976445
5.627, -0.0976445
5.628, -0.0976445
5.629, -0.0976445
5.63, -0.0976445
5.631, -0.0976445
5.632, -0.0976445
5.633, -0.0976445
5.634, -0.0976445
5.635, -0.0976445
5.636, -0.0976445
5.637, -0.0976445
5.638, -0.0976445
5.639, -0.0976445
5.64, -0.0976445
5.641, -0.0976445
5.642, -0.0976445
5.643, -0.0976445
5.644, -0.0976445
5.645, -0.0976445
5.646, -0.0976445
5.647, -0.0976445
5.648, -0.0976445
5.649, -0.0976445
5.65, -0.0976445
5.651, -0.0976445
5.652, -0.0976445
5.653, -0.0976445
5.654, -0.0976445
5.655, -0.0976445
5.656, -0.0976445
5.657, -0.0976445
5.658, -0.0976445
5.659, -0.0976445
5.66, -0.0976445
5.661, -0.0976445
5.662, -0.0976445
5.663, -0.0976445
5.664, -0.0976445
5.665, -0.0976445
5.666, -0.0976445
5.667, -0.0976445
5.668, -0.0976445
5.669, -0.0976445
5.67, -0.0976445
5.671, -0.0976445
5.672, -0.0976445
5.673, -0.0976445
5.674, -0.0976445
5.675, -0.0976445
5.676, -0.0976445
5.677, -0.0976445
5.678, -0.0976445
5.679, -0.0976445
5.68, -0.0976445
5.681, -0.0976445
5.682, -0.0976445
5.683, -0.0976445
5.684, -0.0976445
5.685, -0.0976445
5.686, -0.0976445
5.687, -0.0976445
5.688, -0.0976445
5.689, -0.0976445
5.69, -0.0976445
5.691, -0.0976445
5.692, -0.0976445
5.693, -0.0976445
5.694, -0.0976445
5.695, -0.0976445
5.696, -0.0976445
5.697, -0.0976445
5.698, -0.0976445
5.699, -0.0976445
5.7, -0.0976445
5.701, -0.0976445
5.702, -0.0976445
5.703, -0.0976445
5.704, -0.0976445
5.705, -0.0976445
5.706, -0.0976445
5.707, -0.0976445
5.708, -0.0976445
5.709, -0.0976445
5.71, -0.0976445
5.711, -0.0976445
5.712, -0.0976445
5.713, -0.0976445
5.714, -0.0976445
5.715, -0.0976445
5.716, -0.0976445
5.717, -0.0976445
5.718, -0.0976445
5.719, -0.0976445
5.72, -0.0976445
5.721, -0.0976445
5.722, -0.0976445
5.723, -0.0976445
5.724, -0.0976445
5.725, -0.0976445
5.726, -0.0976445
5.727, -0.0976445
5.728, -0.0976445
5.729, -0.0976445
5.73, -0.0976445
5.731, -0.0976445
5.732, -0.0976445
5.733, -0.0976445
5.734, -0.0976445
5.735, -0.0976445
5.736, -0.0976445
5.737, -0.0976445
5.738, -0.0976445
5.739, -0.0976445
5.74, -0.0976445
5.741, -0.0976445
5.742, -0.0976445
5.743, -0.0976445
5.744, -0.0976445
5.745, -0.0976445
5.746, -0.0976445
5.747, -0.0976445
5.748, -0.0976445
5.749, -0.0976445
5.75, -0.0976445
5.751, -0.0976445
5.752, -0.0976445
5.753, -0.0976445
5.754, -0.0976445
5.755, -0.0976445
5.756, -0.0976445
5.757, -0.0976445
5.758, -0.0976445
5.759, -0.0976445
5.76, -0.0976445
5.761, -0.0976445
5.762, -0.0976445
5.763, -0.0976445
5.764, -0.0976445
5.765, -0.0976445
5.766, -0.0976445
5.767, -0.0976445
5.768, -0.0976445
5.769, -0.0976445
5.77, -0.0976445
5.771, -0.0976445
5.772, -0.0976445
5.773, -0.0976445
5.774, -0.0976445
5.775, -0.0976445
5.776, -0.0976445
5.777, -0.0976445
5.778, -0.0976445
5.779, -0.0976445
5.78, -0.0976445
5.781, -0.0976445
5.782, -0.0976445
5.783, -0.0976445
5.784, -0.0976445
5.785, -0.0976445
5.786, -0.0976445
5.787, -0.0976445
5.788, -0.0976445
5.789, -0.0976445
5.79, -0.0976445
5.791, -0.0976445
5.792, -0.0976445
5.793, -0.0976445
5.794, -0.0976445
5.795, -0.0976445
5.796, -0.0976445
5.797, -0.0976445
5.798, -0.0976445
5.799, -0.0976445
5.8, -0.0976445
5.801, -0.0976445
5.802, -0.0976445
5.803, -0.0976445
5.804, -0.0976445
5.805, -0.0976445
5.806, -0.0976445
5.807, -0.0976445
5.808, -0.0976445
5.809, -0.0976445
5.81, -0.0976445
5.811, -0.0976445
5.812, -0.0976445
5.813, -0.0976445
5.814, -0.0976445
5.815, -0.0976445
5.816, -0.0976445
5.817, -0.0976445
5.818, -0.0976445
5.819, -0.0976445
5.82, -0.0976445
5.821, -0.0976445
5.822, -0.0976445
5.823, -0.0976445
5.824, -0.0976445
5.825, -0.0976445
5.826, -0.0976445
5.827, -0.0976445
5.828, -0.0976445
5.829, -0.0976445
5.83, -0.0976445
5.831, -0.0976445
5.832, -0.0976445
5.833, -0.0976445
5.834, -0.0976445
5.835, -0.0976445
5.836, -0.0976445
5.837, -0.0976445
5.838, -0.0976445
5.839, -0.0976445
5.84, -0.0976445
5.841, -0.0976445
5.842, -0.0976445
5.843, -0.0976445
5.844, -0.0976445
5.845, -0.0976445
5.846, -0.0976445
5.847, -0.0976445
5.848, -0.0976445
5.849, -0.0976445
5.85, -0.0976445
5.851, -0.0976445
5.852, -0.0976445
5.853, -0.0976445
5.854, -0.0976445
5.855, -0.0976445
5.856, -0.0976445
5.857, -0.0976445
5.858, -0.0976445
5.859, -0.0976445
5.86, -0.0976445
5.861, -0.0976445
5.862, -0.0976445
5.863, -0.0976445
5.864, -0.0976445
5.865, -0.0976445
5.866, -0.0976445
5.867, -0.0976445
5.868, -0.0976445
5.869, -0.0976445
5.87, -0.0976445
5.871, -0.0976445
5.872, -0.0976445
5.873, -0.0976445
5.874, -0.0976445
5.875, -0.0976445
5.876, -0.0976445
5.877, -0.0976445
5.878, -0.0976445
5.879, -0.0976445
5.88, -0.0976445
5.881, -0.0976445
5.882, -0.0976445
5.883, -0.0976445
5.884, -0.0976445
5.885, -0.0976445
5.886, -0.0976445
5.887, -0.0976445
5.888, -0.0976445
5.889, -0.0976445
5.89, -0.0976445
5.891, -0.0976445
5.892, -0.0976445
5.893, -0.0976445
5.894, -0.0976445
5.895, -0.0976445
5.896, -0.0976445
5.897, -0.0976445
5.898, -0.0976445
5.899, -0.0976445
5.9, -0.0976445
5.901, -0.0976445
5.902, -0.0976445
5.903, -0.0976445
5.904, -0.0976445
5.905, -0.0976445
5.906, -0.0976445
5.907, -0.0976445
5.908, -0.0976445
5.909, -0.0976445
5.91, -0.0976445
5.911, -0.0976445
5.912, -0.0976445
5.913, -0.0976445
5.914, -0.0976445
5.915, -0.0976445
5.916, -0.0976445
5.917, -0.0976445
5.918, -0.0976445
5.919, -0.0976445
5.92, -0.0976445
5.921, -0.0976445
5.922, -0.0976445
5.923, -0.0976445
5.924, -0.0976445
5.925, -0.0976445
5.926, -0.0976445
5.927, -0.0976445
5.928, -0.0976445
5.929, -0.0976445
5.93, -0.0976445
5.931, -0.0976445
5.932, -0.0976445
5.933, -0.0976445
5.934, -0.0976445
5.935, -0.0976445
5.936, -0.0976445
5.937, -0.0976445
5.938, -0.0976445
5.939, -0.0976445
5.94, -0.0976445
5.941, -0.0976445
5.942, -0.0976445
5.943, -0.0976445
5.944, -0.0976445
5.945, -0.0976445
5.946, -0.0976445
5.947, -0.0976445
5.948, -0.0976445
5.949, -0.0976445
5.95, -0.0976445
5.951, -0.0976445
5.952, -0.0976445
5.953, -0.0976445
5.954, -0.0976445
5.955, -0.0976445
5.956, -0.0976445
5.957, -0.0976445
5.958, -0.0976445
5.959, -0.0976445
5.96, -0.0976445
5.961, -0.0976445
5.962, -0.0976445
5.963, -0.0976445
5.964, -0.0976445
5.965, -0.0976445
5.966, -0.0976445
5.967, -0.0976445
5.968, -0.0976445
5.969, -0.0976445
5.97, -0.0976445
5.971, -0.0976445
5.972, -0.0976445
5.973, -0.0976445
5.974, -0.0976445
5.975, -0.0976445
5.976, -0.0976445
5.977, -0.0976445
5.978, -0.0976445
5.979, -0.0976445
5.98, -0.0976445
5.981, -0.0976445
5.982, -0.0976445
5.983, -0.0976445
5.984, -0.0976445
5.985, -0.0976445
5.986, -0.0976445
5.987, -0.0976445
5.988, -0.0976445
5.989, -0.0976445
5.99, -0.0976445
5.991, -0.0976445
5.992, -0.0976445
5.993, -0.0976445
5.994, -0.0976445
5.995, -0.0976445
5.996, -0.0976445
5.997, -0.0976445
5.998, -0.0976445
5.999, -0.0976445
6, -0.0976445
6.001, -0.0976445
6.002, -0.0976445
6.003, -0.0976445
6.004, -0.0976445
6.005, -0.0976445
6.006, -0.0976445
6.007, -0.0976445
6.008, -0.0976445
6.009, -0.0976445
6.01, -0.0976445
6.011, -0.0976445
6.012, -0.0976445
6.013, -0.0976445
6.014, -0.0976445
6.015, -0.0976445
6.016, -0.0976445
6.017, -0.0976445
6.018, -0.0976445
6.019, -0.0976445
6.02, -0.0976445
6.021, -0.0976445
6.022, -0.0976445
6.023, -0.0976445
6.024, -0.0976445
6.025, -0.0976445
6.026, -0.0976445
6.027, -0.0976445
6.028, -0.0976445
6.029, -0.0976445
6.03, -0.0976445
6.031, -0.0976445
6.032, -0.0976445
6.033, -0.0976445
6.034, -0.0976445
6.035, -0.0976445
6.036, -0.0976445
6.037, -0.0976445
6.038, -0.0976445
6.039, -0.0976445
6.04, -0.0976445
6.041, -0.0976445
6.042, -0.0976445
6.043, -0.0976445
6.044, -0.0976445
6.045, -0.0976445
6.046, -0.0976445
6.047, -0.0976445
6.048, -0.0976445
6.049, -0.0976445
6.05, -0.0976445
6.051, -0.0976445
6.052, -0.0976445
6.053, -0.0976445
6.054, -0.0976445
6.055, -0.0976445
6.056, -0.0976445
6.057, -0.0976445
6.058, -0.0976445
6.059, -0.0976445
6.06, -0.0976445
6.061, -0.0976445
6.062, -0.0976445
6.063, -0.0976445
6.064, -0.0976445
6.065, -0.0976445
6.066, -0.0976445
6.067, -0.0976445
6.068, -0.0976445
6.069, -0.0976445
6.07, -0.0976445
6.071, -0.0976445
6.072, -0.0976445
6.073, -0.0976445
6.074, -0.0976445
6.075, -0.0976445
6.076, -0.0976445
6.077, -0.0976445
6.078, -0.0976445
6.079, -0.0976445
6.08, -0.0976445
6.081, -0.0976445
6.082, -0.0976445
6.083, -0.0976445
6.084, -0.0976445
6.085, -0.0976445
6.086, -0.0976445
6.087, -0.0976445
6.088, -0.0976445
6.089, -0.0976445
6.09, -0.0976445
6.091, -0.0976445
6.092, -0.0976445
6.093, -0.0976445
6.094, -0.0976445
6.095, -0.0976445
6.096, -0.0976445
6.097, -0.0976445
6.098, -0.0976445
6.099, -0.0976445
6.1, -0.0976445
6.101, -0.0976445
6.102, -0.0976445
6.103, -0.0976445
6.104, -0.0976445
6.105, -0.0976445
6.106, -0.0976445
6.107, -0.0976445
6.108, -0.0976445
6.109, -0.0976445
6.11, -0.0976445
6.111, -0.0976445
6.112, -0.0976445
6.113, -0.0976445
6.114, -0.0976445
6.115, -0.0976445
6.116, -0.0976445
6.117, -0.0976445
6.118, -0.0976445
6.119, -0.0976445
6.12, -0.0976445
6.121, -0.0976445
6.122, -0.0976445
6.123, -0.0976445
6.124, -0.0976445
6.125, -0.0976445
6.126, -0.0976445
6.127, -0.0976445
6.128, -0.0976445
6.129, -0.0976445
6.13, -0.0976445
6.131, -0.0976445
6.132, -0.0976445
6.133, -0.0976445
6.134, -0.0976445
6.135, -0.0976445
6.136, -0.0976445
6.137, -0.0976445
6.138, -0.0976445
6.139, -0.0976445
6.14, -0.0976445
6.141, -0.0976445
6.142, -0.0976445
6.143, -0.0976445
6.144, -0.0976445
6.145, -0.0976445
6.146, -0.0976445
6.147, -0.0976445
6.148, -0.0976445
6.149, -0.0976445
6.15, -0.0976445
6.151, -0.0976445
6.152, -0.0976445
6.153, -0.0976445
6.154, -0.0976445
6.155, -0.0976445
6.156, -0.0976445
6.157, -0.0976445
6.158, -0.0976445
6.159, -0.0976445
6.16, -0.0976445
6.161, -0.0976445
6.162, -0.0976445
6.163, -0.0976445
6.164, -0.0976445
6.165, -0.0976445
6.166, -0.0976445
6.167, -0.0976445
6.168, -0.0976445
6.169, -0.0976445
6.17, -0.0976445
6.171, -0.0976445
6.172, -0.0976445
6.173, -0.0976445
6.174, -0.0976445
6.175, -0.0976445
6.176, -0.0976445
6.177, -0.0976445
6.178, -0.0976445
6.179, -0.0976445
6.18, -0.0976445
6.181, -0.0976445
6.182, -0.0976445
6.183, -0.0976445
6.184, -0.0976445
6.185, -0.0976445
6.186, -0.0976445
6.187, -0.0976445
6.188, -0.0976445
6.189, -0.0976445
6.19, -0.0976445
6.191, -0.0976445
6.192, -0.0976445
6.193, -0.0976445
6.194, -0.0976445
6.195, -0.0976445
6.196, -0.0976445
6.197, -0.0976445
6.198, -0.0976445
6.199, -0.0976445
6.2, -0.0976445
6.201, -0.0976445
6.202, -0.0976445
6.203, -0.0976445
6.204, -0.0976445
6.205, -0.0976445
6.206, -0.0976445
6.207, -0.0976445
6.208, -0.0976445
6.209, -0.0976445
6.21, -0.0976445
6.211, -0.0976445
6.212, -0.0976445
6.213, -0.0976445
6.214, -0.0976445
6.215, -0.0976445
6.216, -0.0976445
6.217, -0.0976445
6.218, -0.0976445
6.219, -0.0976445
6.22, -0.0976445
6.221, -0.0976445
6.222, -0.0976445
6.223, -0.0976445
6.224, -0.0976445
6.225, -0.0976445
6.226, -0.0976445
6.227, -0.0976445
6.228, -0.0976445
6.229, -0.0976445
6.23, -0.0976445
6.231, -0.0976445
6.232, -0.0976445
6.233, -0.0976445
6.234, -0.0976445
6.235, -0.0976445
6.236, -0.0976445
6.237, -0.0976445
6.238, -0.0976445
6.239, -0.0976445
6.24, -0.0976445
6.241, -0.0976445
6.242, -0.0976445
6.243, -0.0976445
6.244, -0.0976445
6.245, -0.0976445
6.246, -0.0976445
6.247, -0.0976445
6.248, -0.0976445
6.249, -0.0976445
6.25, -0.0976445
6.251, -0.0976445
6.252, -0.0976445
6.253, -0.0976445
6.254, -0.0976445
6.255, -0.0976445
6.256, -0.0976445
6.257, -0.0976445
6.258, -0.0976445
6.259, -0.0976445
6.26, -0.0976445
6.261, -0.0976445
6.262, -0.0976445
6.263, -0.0976445
6.264, -0.0976445
6.265, -0.0976445
6.266, -0.0976445
6.267, -0.0976445
6.268, -0.0976445
6.269, -0.0976445
6.27, -0.0976445
6.271, -0.0976445
6.272, -0.0976445
6.273, -0.0976445
6.274, -0.0976445
6.275, -0.0976445
6.276, -0.0976445
6.277, -0.0976445
6.278, -0.0976445
6.279, -0.0976445
6.28, -0.0976445
6.281, -0.0976445
6.282, -0.0976445
6.283, -0.0976445
6.284, -0.0976445
6.285, -0.0976445
6.286, -0.0976445
6.287, -0.0976445
6.288, -0.0976445
6.289, -0.0976445
6.29, -0.0976445
6.291, -0.0976445
6.292, -0.0976445
6.293, -0.0976445
6.294, -0.0976445
6.295, -0.0976445
6.296, -0.0976445
6.297, -0.0976445
6.298, -0.0976445
6.299, -0.0976445
6.3, -0.0976445
6.301, -0.0976445
6.302, -0.0976445
6.303, -0.0976445
6.304, -0.0976445
6.305, -0.0976445
6.306, -0.0976445
6.307, -0.0976445
6.308, -0.0976445
6.309, -0.0976445
6.31, -0.0976445
6.311, -0.0976445
6.312, -0.0976445
6.313, -0.0976445
6.314, -0.0976445
6.315, -0.0976445
6.316, -0.0976445
6.317, -0.0976445
6.318, -0.0976445
6.319, -0.0976445
6.32, -0.0976445
6.321, -0.0976445
6.322, -0.0976445
6.323, -0.0976445
6.324, -0.0976445
6.325, -0.0976445
6.326, -0.0976445
6.327, -0.0976445
6.328, -0.0976445
6.329, -0.0976445
6.33, -0.0976445
6.331, -0.0976445
6.332, -0.0976445
6.333, -0.0976445
6.334, -0.0976445
6.335, -0.0976445
6.336, -0.0976445
6.337, -0.0976445
6.338, -0.0976445
6.339, -0.0976445
6.34, -0.0976445
6.341, -0.0976445
6.342, -0.0976445
6.343, -0.0976445
6.344, -0.0976445
6.345, -0.0976445
6.346, -0.0976445
6.347, -0.0976445
6.348, -0.0976445
6.349, -0.0976445
6.35, -0.0976445
6.351, -0.0976445
6.352, -0.0976445
6.353, -0.0976445
6.354, -0.0976445
6.355, -0.0976445
6.356, -0.0976445
6.357, -0.0976445
6.358, -0.0976445
6.359, -0.0976445
6.36, -0.0976445
6.361, -0.0976445
6.362, -0.0976445
6.363, -0.0976445
6.364, -0.0976445
6.365, -0.0976445
6.366, -0.0976445
6.367, -0.0976445
6.368, -0.0976445
6.369, -0.0976445
6.37, -0.0976445
6.371, -0.0976445
6.372, -0.0976445
6.373, -0.0976445
6.374, -0.0976445
6.375, -0.0976445
6.376, -0.0976445
6.377, -0.0976445
6.378, -0.0976445
6.379, -0.0976445
6.38, -0.0976445
6.381, -0.0976445
6.382, -0.0976445
6.383, -0.0976445
6.384, -0.0976445
6.385, -0.0976445
6.386, -0.0976445
6.387, -0.0976445
6.388, -0.0976445
6.389, -0.0976445
6.39, -0.0976445
6.391, -0.0976445
6.392, -0.0976445
6.393, -0.0976445
6.394, -0.0976445
6.395, -0.0976445
6.396, -0.0976445
6.397, -0.0976445
6.398, -0.0976445
6.399, -0.0976445
6.4, -0.0976445
6.401, -0.0976445
6.402, -0.0976445
6.403, -0.0976445
6.404, -0.0976445
6.405, -0.0976445
6.406, -0.0976445
6.407, -0.0976445
6.408, -0.0976445
6.409, -0.0976445
6.41, -0.0976445
6.411, -0.0976445
6.412, -0.0976445
6.413, -0.0976445
6.414, -0.0976445
6.415, -0.0976445
6.416, -0.0976445
6.417, -0.0976445
6.418, -0.0976445
6.419, -0.0976445
6.42, -0.0976445
6.421, -0.0976445
6.422, -0.0976445
6.423, -0.0976445
6.424, -0.0976445
6.425, -0.0976445
6.426, -0.0976445
6.427, -0.0976445
6.428, -0.0976445
6.429, -0.0976445
6.43, -0.0976445
6.431, -0.0976445
6.432, -0.0976445
6.433, -0.0976445
6.434, -0.0976445
6.435, -0.0976445
6.436, -0.0976445
6.437, -0.0976445
6.438, -0.0976445
6.439, -0.0976445
6.44, -0.0976445
6.441, -0.0976445
6.442, -0.0976445
6.443, -0.0976445
6.444, -0.0976445
6.445, -0.0976445
6.446, -0.0976445
6.447, -0.0976445
6.448, -0.0976445
6.449, -0.0976445
6.45, -0.0976445
6.451, -0.0976445
6.452, -0.0976445
6.453, -0.0976445
6.454, -0.0976445
6.455, -0.0976445
6.456, -0.0976445
6.457, -0.0976445
6.458, -0.0976445
6.459, -0.0976445
6.46, -0.0976445
6.461, -0.0976445
6.462, -0.0976445
6.463, -0.0976445
6.464, -0.0976445
6.465, -0.0976445
6.466, -0.0976445
6.467, -0.0976445
6.468, -0.0976445
6.469, -0.0976445
6.47, -0.0976445
6.471, -0.0976445
6.472, -0.0976445
6.473, -0.0976445
6.474, -0.0976445
6.475, -0.0976445
6.476, -0.0976445
6.477, -0.0976445
6.478, -0.0976445
6.479, -0.0976445
6.48, -0.0976445
6.481, -0.0976445
6.482, -0.0976445
6.483, -0.0976445
6.484, -0.0976445
6.485, -0.0976445
6.486, -0.0976445
6.487, -0.0976445
6.488, -0.0976445
6.489, -0.0976445
6.49, -0.0976445
6.491, -0.0976445
6.492, -0.0976445
6.493, -0.0976445
6.494, -0.0976445
6.495, -0.0976445
6.496, -0.0976445
6.497, -0.0976445
6.498, -0.0976445
6.499, -0.0976445
6.5, -0.0976445
6.501, -0.0976445
6.502, -0.0976445
6.503, -0.0976445
6.504, -0.0976445
6.505, -0.0976445
6.506, -0.0976445
6.507, -0.0976445
6.508, -0.0976445
6.509, -0.0976445
6.51, -0.0976445
6.511, -0.0976445
6.512, -0.0976445
6.513, -0.0976445
6.514, -0.0976445
6.515, -0.0976445
6.516, -0.0976445
6.517, -0.0976445
6.518, -0.0976445
6.519, -0.0976445
6.52, -0.0976445
6.521, -0.0976445
6.522, -0.0976445
6.523, -0.0976445
6.524, -0.0976445
6.525, -0.0976445
6.526, -0.0976445
6.527, -0.0976445
6.528, -0.0976445
6.529, -0.0976445
6.53, -0.0976445
6.531, -0.0976445
6.532, -0.0976445
6.533, -0.0976445
6.534, -0.0976445
6.535, -0.0976445
6.536, -0.0976445
6.537, -0.0976445
6.538, -0.0976445
6.539, -0.0976445
6.54, -0.0976445
6.541, -0.0976445
6.542, -0.0976445
6.543, -0.0976445
6.544, -0.0976445
6.545, -0.0976445
6.546, -0.0976445
6.547, -0.0976445
6.548, -0.0976445
6.549, -0.0976445
6.55, -0.0976445
6.551, -0.0976445
6.552, -0.0976445
6.553, -0.0976445
6.554, -0.0976445
6.555, -0.0976445
6.556, -0.0976445
6.557, -0.0976445
6.558, -0.0976445
6.559, -0.0976445
6.56, -0.0976445
6.561, -0.0976445
6.562, -0.0976445
6.563, -0.0976445
6.564, -0.0976445
6.565, -0.0976445
6.566, -0.0976445
6.567, -0.0976445
6.568, -0.0976445
6.569, -0.0976445
6.57, -0.0976445
6.571, -0.0976445
6.572, -0.0976445
6.573, -0.0976445
6.574, -0.0976445
6.575, -0.0976445
6.576, -0.0976445
6.577, -0.0976445
6.578, -0.0976445
6.579, -0.0976445
6.58, -0.0976445
6.581, -0.0976445
6.582, -0.0976445
6.583, -0.0976445
6.584, -0.0976445
6.585, -0.0976445
6.586, -0.0976445
6.587, -0.0976445
6.588, -0.0976445
6.589, -0.0976445
6.59, -0.0976445
6.591, -0.0976445
6.592, -0.0976445
6.593, -0.0976445
6.594, -0.0976445
6.595, -0.0976445
6.596, -0.0976445
6.597, -0.0976445
6.598, -0.0976445
6.599, -0.0976445
6.6, -0.0976445
6.601, -0.0976445
6.602, -0.0976445
6.603, -0.0976445
6.604, -0.0976445
6.605, -0.0976445
6.606, -0.0976445
6.607, -0.0976445
6.608, -0.0976445
6.609, -0.0976445
6.61, -0.0976445
6.611, -0.0976445
6.612, -0.0976445
6.613, -0.0976445
6.614, -0.0976445
6.615, -0.0976445
6.616, -0.0976445
6.617, -0.0976445
6.618, -0.0976445
6.619, -0.0976445
6.62, -0.0976445
6.621, -0.0976445
6.622, -0.0976445
6.623, -0.0976445
6.624, -0.0976445
6.625, -0.0976445
6.626, -0.0976445
6.627, -0.0976445
6.628, -0.0976445
6.629, -0.0976445
6.63, -0.0976445
6.631, -0.0976445
6.632, -0.0976445
6.633, -0.0976445
6.634, -0.0976445
6.635, -0.0976445
6.636, -0.0976445
6.637, -0.0976445
6.638, -0.0976445
6.639, -0.0976445
6.64, -0.0976445
6.641, -0.0976445
6.642, -0.0976445
6.643, -0.0976445
6.644, -0.0976445
6.645, -0.0976445
6.646, -0.0976445
6.647, -0.0976445
6.648, -0.0976445
6.649, -0.0976445
6.65, -0.0976445
6.651, -0.0976445
6.652, -0.0976445
6.653, -0.0976445
6.654, -0.0976445
6.655, -0.0976445
6.656, -0.0976445
6.657, -0.0976445
6.658, -0.0976445
6.659, -0.0976445
6.66, -0.0976445
6.661, -0.0976445
6.662, -0.0976445
6.663, -0.0976445
6.664, -0.0976445
6.665, -0.0976445
6.666, -0.0976445
6.667, -0.0976445
6.668, -0.0976445
6.669, -0.0976445
6.67, -0.0976445
6.671, -0.0976445
6.672, -0.0976445
6.673, -0.0976445
6.674, -0.0976445
6.675, -0.0976445
6.676, -0.0976445
6.677, -0.0976445
6.678, -0.0976445
6.679, -0.0976445
6.68, -0.0976445
6.681, -0.0976445
6.682, -0.0976445
6.683, -0.0976445
6.684, -0.0976445
6.685, -0.0976445
6.686, -0.0976445
6.687, -0.0976445
6.688, -0.0976445
6.689, -0.0976445
6.69, -0.0976445
6.691, -0.0976445
6.692, -0.0976445
6.693, -0.0976445
6.694, -0.0976445
6.695, -0.0976445
6.696, -0.0976445
6.697, -0.0976445
6.698, -0.0976445
6.699, -0.0976445
6.7, -0.0976445
6.701, -0.0976445
6.702, -0.0976445
6.703, -0.0976445
6.704, -0.0976445
6.705, -0.0976445
6.706, -0.0976445
6.707, -0.0976445
6.708, -0.0976445
6.709, -0.0976445
6.71, -0.0976445
6.711, -0.0976445
6.712, -0.0976445
6.713, -0.0976445
6.714, -0.0976445
6.715, -0.0976445
6.716, -0.0976445
6.717, -0.0976445
6.718, -0.0976445
6.719, -0.0976445
6.72, -0.0976445
6.721, -0.0976445
6.722, -0.0976445
6.723, -0.0976445
6.724, -0.0976445
6.725, -0.0976445
6.726, -0.0976445
6.727, -0.0976445
6.728, -0.0976445
6.729, -0.0976445
6.73, -0.0976445
6.731, -0.0976445
6.732, -0.0976445
6.733, -0.0976445
6.734, -0.0976445
6.735, -0.0976445
6.736, -0.0976445
6.737, -0.0976445
6.738, -0.0976445
6.739, -0.0976445
6.74, -0.0976445
6.741, -0.0976445
6.742, -0.0976445
6.743, -0.0976445
6.744, -0.0976445
6.745, -0.0976445
6.746, -0.0976445
6.747, -0.0976445
6.748, -0.0976445
6.749, -0.0976445
6.75, -0.0976445
6.751, -0.0976445
6.752, -0.0976445
6.753, -0.0976445
6.754, -0.0976445
6.755, -0.0976445
6.756, -0.0976445
6.757, -0.0976445
6.758, -0.0976445
6.759, -0.0976445
6.76, -0.0976445
6.761, -0.0976445
6.762, -0.0976445
6.763, -0.0976445
6.764, -0.0976445
6.765, -0.0976445
6.766, -0.0976445
6.767, -0.0976445
6.768, -0.0976445
6.769, -0.0976445
6.77, -0.0976445
6.771, -0.0976445
6.772, -0.0976445
6.773, -0.0976445
6.774, -0.0976445
6.775, -0.0976445
6.776, -0.0976445
6.777, -0.0976445
6.778, -0.0976445
6.779, -0.0976445
6.78, -0.0976445
6.781, -0.0976445
6.782, -0.0976445
6.783, -0.0976445
6.784, -0.0976445
6.785, -0.0976445
6.786, -0.0976445
6.787, -0.0976445
6.788, -0.0976445
6.789, -0.0976445
6.79, -0.0976445
6.791, -0.0976445
6.792, -0.0976445
6.793, -0.0976445
6.794, -0.0976445
6.795, -0.0976445
6.796, -0.0976445
6.797, -0.0976445
6.798, -0.0976445
6.799, -0.0976445
6.8, -0.0976445
6.801, -0.0976445
6.802, -0.0976445
6.803, -0.0976445
6.804, -0.0976445
6.805, -0.0976445
6.806, -0.0976445
6.807, -0.0976445
6.808, -0.0976445
6.809, -0.0976445
6.81, -0.0976445
6.811, -0.0976445
6.812, -0.0976445
6.813, -0.0976445
6.814, -0.0976445
6.815, -0.0976445
6.816, -0.0976445
6.817, -0.0976445
6.818, -0.0976445
6.819, -0.0976445
6.82, -0.0976445
6.821, -0.0976445
6.822, -0.0976445
6.823, -0.0976445
6.824, -0.0976445
6.825, -0.0976445
6.826, -0.0976445
6.827, -0.0976445
6.828, -0.0976445
6.829, -0.0976445
6.83, -0.0976445
6.831, -0.0976445
6.832, -0.0976445
6.833, -0.0976445
6.834, -0.0976445
6.835, -0.0976445
6.836, -0.0976445
6.837, -0.0976445
6.838, -0.0976445
6.839, -0.0976445
6.84, -0.0976445
6.841, -0.0976445
6.842, -0.0976445
6.843, -0.0976445
6.844, -0.0976445
6.845, -0.0976445
6.846, -0.0976445
6.847, -0.0976445
6.848, -0.0976445
6.849, -0.0976445
6.85, -0.0976445
6.851, -0.0976445
6.852, -0.0976445
6.853, -0.0976445
6.854, -0.0976445
6.855, -0.0976445
6.856, -0.0976445
6.857, -0.0976445
6.858, -0.0976445
6.859, -0.0976445
6.86, -0.0976445
6.861, -0.0976445
6.862, -0.0976445
6.863, -0.0976445
6.864, -0.0976445
6.865, -0.0976445
6.866, -0.0976445
6.867, -0.0976445
6.868, -0.0976445
6.869, -0.0976445
6.87, -0.0976445
6.871, -0.0976445
6.872, -0.0976445
6.873, -0.0976445
6.874, -0.0976445
6.875, -0.0976445
6.876, -0.0976445
6.877, -0.0976445
6.878, -0.0976445
6.879, -0.0976445
6.88, -0.0976445
6.881, -0.0976445
6.882, -0.0976445
6.883, -0.0976445
6.884, -0.0976445
6.885, -0.0976445
6.886, -0.0976445
6.887, -0.0976445
6.888, -0.0976445
6.889, -0.0976445
6.89, -0.0976445
6.891, -0.0976445
6.892, -0.0976445
6.893, -0.0976445
6.894, -0.0976445
6.895, -0.0976445
6.896, -0.0976445
6.897, -0.0976445
6.898, -0.0976445
6.899, -0.0976445
6.9, -0.0976445
6.901, -0.0976445
6.902, -0.0976445
6.903, -0.0976445
6.904, -0.0976445
6.905, -0.0976445
6.906, -0.0976445
6.907, -0.0976445
6.908, -0.0976445
6.909, -0.0976445
6.91, -0.0976445
6.911, -0.0976445
6.912, -0.0976445
6.913, -0.0976445
6.914, -0.0976445
6.915, -0.0976445
6.916, -0.0976445
6.917, -0.0976445
6.918, -0.0976445
6.919, -0.0976445
6.92, -0.0976445
6.921, -0.0976445
6.922, -0.0976445
6.923, -0.0976445
6.924, -0.0976445
6.925, -0.0976445
6.926, -0.0976445
6.927, -0.0976445
6.928, -0.0976445
6.929, -0.0976445
6.93, -0.0976445
6.931, -0.0976445
6.932, -0.0976445
6.933, -0.0976445
6.934, -0.0976445
6.935, -0.0976445
6.936, -0.0976445
6.937, -0.0976445
6.938, -0.0976445
6.939, -0.0976445
6.94, -0.0976445
6.941, -0.0976445
6.942, -0.0976445
6.943, -0.0976445
6.944, -0.0976445
6.945, -0.0976445
6.946, -0.0976445
6.947, -0.0976445
6.948, -0.0976445
6.949, -0.0976445
6.95, -0.0976445
6.951, -0.0976445
6.952, -0.0976445
6.953, -0.0976445
6.954, -0.0976445
6.955, -0.0976445
6.956, -0.0976445
6.957, -0.0976445
6.958, -0.0976445
6.959, -0.0976445
6.96, -0.0976445
6.961, -0.0976445
6.962, -0.0976445
6.963, -0.0976445
6.964, -0.0976445
6.965, -0.0976445
6.966, -0.0976445
6.967, -0.0976445
6.968, -0.0976445
6.969, -0.0976445
6.97, -0.0976445
6.971, -0.0976445
6.972, -0.0976445
6.973, -0.0976445
6.974, -0.0976445
6.975, -0.0976445
6.976, -0.0976445
6.977, -0.0976445
6.978, -0.0976445
6.979, -0.0976445
6.98, -0.0976445
6.981, -0.0976445
6.982, -0.0976445
6.983, -0.0976445
6.984, -0.0976445
6.985, -0.0976445
6.986, -0.0976445
6.987, -0.0976445
6.988, -0.0976445
6.989, -0.0976445
6.99, -0.0976445
6.991, -0.0976445
6.992, -0.0976445
6.993, -0.0976445
6.994, -0.0976445
6.995, -0.0976445
6.996, -0.0976445
6.997, -0.0976445
6.998, -0.0976445
6.999, -0.0976445
7, -0.0976445
7.001, -0.0976445
7.002, -0.0976445
7.003, -0.0976445
7.004, -0.0976445
7.005, -0.0976445
7.006, -0.0976445
7.007, -0.0976445
7.008, -0.0976445
7.009, -0.0976445
7.01, -0.0976445
7.011, -0.0976445
7.012, -0.0976445
7.013, -0.0976445
7.014, -0.0976445
7.015, -0.0976445
7.016, -0.0976445
7.017, -0.0976445
7.018, -0.0976445
7.019, -0.0976445
7.02, -0.0976445
7.021, -0.0976445
7.022, -0.0976445
7.023, -0.0976445
7.024, -0.0976445
7.025, -0.0976445
7.026, -0.0976445
7.027, -0.0976445
7.028, -0.0976445
7.029, -0.0976445
7.03, -0.0976445
7.031, -0.0976445
7.032, -0.0976445
7.033, -0.0976445
7.034, -0.0976445
7.035, -0.0976445
7.036, -0.0976445
7.037, -0.0976445
7.038, -0.0976445
7.039, -0.0976445
7.04, -0.0976445
7.041, -0.0976445
7.042, -0.0976445
7.043, -0.0976445
7.044, -0.0976445
7.045, -0.0976445
7.046, -0.0976445
7.047, -0.0976445
7.048, -0.0976445
7.049, -0.0976445
7.05, -0.0976445
7.051, -0.0976445
7.052, -0.0976445
7.053, -0.0976445
7.054, -0.0976445
7.055, -0.0976445
7.056, -0.0976445
7.057, -0.0976445
7.058, -0.0976445
7.059, -0.0976445
7.06, -0.0976445
7.061, -0.0976445
7.062, -0.0976445
7.063, -0.0976445
7.064, -0.0976445
7.065, -0.0976445
7.066, -0.0976445
7.067, -0.0976445
7.068, -0.0976445
7.069, -0.0976445
7.07, -0.0976445
7.071, -0.0976445
7.072, -0.0976445
7.073, -0.0976445
7.074, -0.0976445
7.075, -0.0976445
7.076, -0.0976445
7.077, -0.0976445
7.078, -0.0976445
7.079, -0.0976445
7.08, -0.0976445
7.081, -0.0976445
7.082, -0.0976445
7.083, -0.0976445
7.084, -0.0976445
7.085, -0.0976445
7.086, -0.0976445
7.087, -0.0976445
7.088, -0.0976445
7.089, -0.0976445
7.09, -0.0976445
7.091, -0.0976445
7.092, -0.0976445
7.093, -0.0976445
7.094, -0.0976445
7.095, -0.0976445
7.096, -0.0976445
7.097, -0.0976445
7.098, -0.0976445
7.099, -0.0976445
7.1, -0.0976445
7.101, -0.0976445
7.102, -0.0976445
7.103, -0.0976445
7.104, -0.0976445
7.105, -0.0976445
7.106, -0.0976445
7.107, -0.0976445
7.108, -0.0976445
7.109, -0.0976445
7.11, -0.0976445
7.111, -0.0976445
7.112, -0.0976445
7.113, -0.0976445
7.114, -0.0976445
7.115, -0.0976445
7.116, -0.0976445
7.117, -0.0976445
7.118, -0.0976445
7.119, -0.0976445
7.12, -0.0976445
7.121, -0.0976445
7.122, -0.0976445
7.123, -0.0976445
7.124, -0.0976445
7.125, -0.0976445
7.126, -0.0976445
7.127, -0.0976445
7.128, -0.0976445
7.129, -0.0976445
7.13, -0.0976445
7.131, -0.0976445
7.132, -0.0976445
7.133, -0.0976445
7.134, -0.0976445
7.135, -0.0976445
7.136, -0.0976445
7.137, -0.0976445
7.138, -0.0976445
7.139, -0.0976445
7.14, -0.0976445
7.141, -0.0976445
7.142, -0.0976445
7.143, -0.0976445
7.144, -0.0976445
7.145, -0.0976445
7.146, -0.0976445
7.147, -0.0976445
7.148, -0.0976445
7.149, -0.0976445
7.15, -0.0976445
7.151, -0.0976445
7.152, -0.0976445
7.153, -0.0976445
7.154, -0.0976445
7.155, -0.0976445
7.156, -0.0976445
7.157, -0.0976445
7.158, -0.0976445
7.159, -0.0976445
7.16, -0.0976445
7.161, -0.0976445
7.162, -0.0976445
7.163, -0.0976445
7.164, -0.0976445
7.165, -0.0976445
7.166, -0.0976445
7.167, -0.0976445
7.168, -0.0976445
7.169, -0.0976445
7.17, -0.0976445
7.171, -0.0976445
7.172, -0.0976445
7.173, -0.0976445
7.174, -0.0976445
7.175, -0.0976445
7.176, -0.0976445
7.177, -0.0976445
7.178, -0.0976445
7.179, -0.0976445
7.18, -0.0976445
7.181, -0.0976445
7.182, -0.0976445
7.183, -0.0976445
7.184, -0.0976445
7.185, -0.0976445
7.186, -0.0976445
7.187, -0.0976445
7.188, -0.0976445
7.189, -0.0976445
7.19, -0.0976445
7.191, -0.0976445
7.192, -0.0976445
7.193, -0.0976445
7.194, -0.0976445
7.195, -0.0976445
7.196, -0.0976445
7.197, -0.0976445
7.198, -0.0976445
7.199, -0.0976445
7.2, -0.0976445
7.201, -0.0976445
7.202, -0.0976445
7.203, -0.0976445
7.204, -0.0976445
7.205, -0.0976445
7.206, -0.0976445
7.207, -0.0976445
7.208, -0.0976445
7.209, -0.0976445
7.21, -0.0976445
7.211, -0.0976445
7.212, -0.0976445
7.213, -0.0976445
7.214, -0.0976445
7.215, -0.0976445
7.216, -0.0976445
7.217, -0.0976445
7.218, -0.0976445
7.219, -0.0976445
7.22, -0.0976445
7.221, -0.0976445
7.222, -0.0976445
7.223, -0.0976445
7.224, -0.0976445
7.225, -0.0976445
7.226, -0.0976445
7.227, -0.0976445
7.228, -0.0976445
7.229, -0.0976445
7.23, -0.0976445
7.231, -0.0976445
7.232, -0.0976445
7.233, -0.0976445
7.234, -0.0976445
7.235, -0.0976445
7.236, -0.0976445
7.237, -0.0976445
7.238, -0.0976445
7.239, -0.0976445
7.24, -0.0976445
7.241, -0.0976445
7.242, -0.0976445
7.243, -0.0976445
7.244, -0.0976445
7.245, -0.0976445
7.246, -0.0976445
7.247, -0.0976445
7.248, -0.0976445
7.249, -0.0976445
7.25, -0.0976445
7.251, -0.0976445
7.252, -0.0976445
7.253, -0.0976445
7.254, -0.0976445
7.255, -0.0976445
7.256, -0.0976445
7.257, -0.0976445
7.258, -0.0976445
7.259, -0.0976445
7.26, -0.0976445
7.261, -0.0976445
7.262, -0.0976445
7.263, -0.0976445
7.264, -0.0976445
7.265, -0.0976445
7.266, -0.0976445
7.267, -0.0976445
7.268, -0.0976445
7.269, -0.0976445
7.27, -0.0976445
7.271, -0.0976445
7.272, -0.0976445
7.273, -0.0976445
7.274, -0.0976445
7.275, -0.0976445
7.276, -0.0976445
7.277, -0.0976445
7.278, -0.0976445
7.279, -0.0976445
7.28, -0.0976445
7.281, -0.0976445
7.282, -0.0976445
7.283, -0.0976445
7.284, -0.0976445
7.285, -0.0976445
7.286, -0.0976445
7.287, -0.0976445
7.288, -0.0976445
7.289, -0.0976445
7.29, -0.0976445
7.291, -0.0976445
7.292, -0.0976445
7.293, -0.0976445
7.294, -0.0976445
7.295, -0.0976445
7.296, -0.0976445
7.297, -0.0976445
7.298, -0.0976445
7.299, -0.0976445
7.3, -0.0976445
7.301, -0.0976445
7.302, -0.0976445
7.303, -0.0976445
7.304, -0.0976445
7.305, -0.0976445
7.306, -0.0976445
7.307, -0.0976445
7.308, -0.0976445
7.309, -0.0976445
7.31, -0.0976445
7.311, -0.0976445
7.312, -0.0976445
7.313, -0.0976445
7.314, -0.0976445
7.315, -0.0976445
7.316, -0.0976445
7.317, -0.0976445
7.318, -0.0976445
7.319, -0.0976445
7.32, -0.0976445
7.321, -0.0976445
7.322, -0.0976445
7.323, -0.0976445
7.324, -0.0976445
7.325, -0.0976445
7.326, -0.0976445
7.327, -0.0976445
7.328, -0.0976445
7.329, -0.0976445
7.33, -0.0976445
7.331, -0.0976445
7.332, -0.0976445
7.333, -0.0976445
7.334, -0.0976445
7.335, -0.0976445
7.336, -0.0976445
7.337, -0.0976445
7.338, -0.0976445
7.339, -0.0976445
7.34, -0.0976445
7.341, -0.0976445
7.342, -0.0976445
7.343, -0.0976445
7.344, -0.0976445
7.345, -0.0976445
7.346, -0.0976445
7.347, -0.0976445
7.348, -0.0976445
7.349, -0.0976445
7.35, -0.0976445
7.351, -0.0976445
7.352, -0.0976445
7.353, -0.0976445
7.354, -0.0976445
7.355, -0.0976445
7.356, -0.0976445
7.357, -0.0976445
7.358, -0.0976445
7.359, -0.0976445
7.36, -0.0976445
7.361, -0.0976445
7.362, -0.0976445
7.363, -0.0976445
7.364, -0.0976445
7.365, -0.0976445
7.366, -0.0976445
7.367, -0.0976445
7.368, -0.0976445
7.369, -0.0976445
7.37, -0.0976445
7.371, -0.0976445
7.372, -0.0976445
7.373, -0.0976445
7.374, -0.0976445
7.375, -0.0976445
7.376, -0.0976445
7.377, -0.0976445
7.378, -0.0976445
